code,ticker,name,signal_month,status,months_active,rsi14,rsi5,rsi14_up,rsi5_up,diff,gc_month,gc_price,signal_month_close,period_price,return_since_gc_pct,sma25,sma75,sma200,price_above_sma25,price_above_sma75,price_above_sma200,perfect_order,sma25_up,sma75_up,sma200_up,avg_volume30,high52_price,high52_distance_pct,high52_breakout,volume_ratio_5_30,atr14_pct,atr_ratio_10_20,vcp_tight,stage,supertrend_up,rsr_score,rsr_momentum,mvp_signal,cosmos_focus,cosmos_focus_type,sector,industry,quote_type,exit_month,exit_price,return_at_exit_pct,per,forward_per,pbr,book_value,forward_annual_dividend,trailing_annual_dividend,dividend_change_pct,dividend_yield_pct,payout_ratio_pct,roe_pct,roa_pct,profit_margin_pct,operating_margin_pct,revenue_growth_pct,earnings_growth_pct,current_ratio,quick_ratio,debt_to_equity_pct,equity_ratio_pct,market_cap_oku,enterprise_value_oku,operating_cashflow_oku,free_cashflow_oku,total_cash_oku,total_debt_oku,ebitda_oku,beta,shares_outstanding_million,data_completeness_pct,next_earnings_date,earnings_date_start,earnings_date_end,ex_dividend_date,last_dividend_date,signal_version,monthly_rsi14,monthly_rsi_ma5,monthly_rsi14_up,monthly_rsi_ma5_up,monthly_rsi_spread
1444,1444.T,ニッソウ,2026-06,OUT,3,53.81,56.97,True,True,3.17,2026-04,2761.0,2851.0,2851.0,3.26,,,,,,,,,,,,,,,,,,,,,,,,,,,,,2026-07,2589.0,-6.23,,,,,,,,,,,,,,,,,,,,,,,,,,,,,0,,,,,,tv_wilder_rsi14_sma5_v1,56.97,53.81,True,True,3.17
155A,155A.T,情報戦略テクノロジー,2026-06,OUT,1,44.0,44.93,False,True,0.93,2026-06,876.0,876.0,876.0,0.0,,,,,,,,,,,,,,,,,,,,,,,,,,,,,2026-07,831.0,-5.14,,,,,,,,,,,,,,,,,,,,,,,,,,,,,0,,,,,,tv_wilder_rsi14_sma5_v1,44.93,44.0,True,False,0.93
1736,1736.T,オーテック,2026-06,OUT,1,77.01,77.15,False,True,0.14,2026-06,2525.0,2525.0,2525.0,0.0,,,,,,,,,,,,,,,,,,,,,,,,,,,,,2026-07,2382.0,-5.66,,,,,,,,,,,,,,,,,,,,,,,,,,,,,0,,,,,,tv_wilder_rsi14_sma5_v1,77.15,77.01,True,False,0.14
1860,1860.T,戸田建設,2026-06,OUT,1,73.55,73.77,False,True,0.23,2026-06,1628.5,1628.5,1628.5,0.0,,,,,,,,,,,,,,,,,,,,,,,,,,,,,2026-07,1490.5,-8.47,12.15,16.44,1.14,1320.15,60.0,58.0,3.45,4.0,47.02,9.92,2.48,5.73,5.3,-9.9,-21.9,1.36,1.0,56.95,39.14,4439.12,5992.93,624.6,207.7,865.53,2295.91,493.67,0.24,296.04,100.0,,,,2026-09-29,2027-03-30,tv_wilder_rsi14_sma5_v1,73.77,73.55,True,False,0.23
1941,1941.T,中電工,2026-06,OUT,1,72.48,74.97,False,True,2.49,2026-06,5410.0,5410.0,5410.0,0.0,,,,,,,,,,,,,,,,,,,,,,,,,,,,,2026-07,4960.0,-8.32,14.71,,1.09,4613.89,140.0,135.0,3.7,2.78,39.49,7.86,5.35,8.11,11.01,14.3,27.9,2.45,2.17,0.28,76.86,2663.01,2172.82,291.46,221.39,532.48,6.88,307.13,0.28,52.94,96.4,,,,2026-09-29,2027-03-30,tv_wilder_rsi14_sma5_v1,74.97,72.48,True,False,2.49
1961,1961.T,三機工業,2026-06,OUT,1,81.07,81.16,False,True,0.09,2026-06,2962.0,2962.0,2962.0,0.0,,,,,,,,,,,,,,,,,,,,,,,,,,,,,2026-07,2309.0,-22.05,48.31,10.77,3.11,794.99,65.0,65.0,0.0,2.63,127.35,20.8,8.32,9.3,15.47,9.7,54.4,1.76,1.35,5.34,55.33,3772.98,3417.37,131.67,71.06,420.83,64.85,299.98,0.34,152.75,100.0,,,,2026-09-29,2027-03-30,tv_wilder_rsi14_sma5_v1,81.16,81.07,True,False,0.09
1969,1969.T,高砂熱学工業,2026-06,OUT,1,66.47,67.46,False,True,0.99,2026-06,5082.0,5082.0,5082.0,0.0,,,,,,,,,,,,,,,,,,,,,,,,,,,,,2026-07,4264.0,-16.1,15.72,13.4,2.81,1597.42,123.0,115.0,6.96,2.74,40.25,19.04,8.33,8.84,7.58,1.2,-42.7,1.81,1.72,19.72,54.97,5877.05,5894.25,297.25,159.6,482.28,424.06,515.04,0.44,130.86,100.0,,,,2026-09-29,2027-03-30,tv_wilder_rsi14_sma5_v1,67.46,66.47,True,False,0.99
1979,1979.T,大氣社,2026-06,OUT,2,72.91,78.83,True,True,5.92,2026-05,4475.0,4965.0,4965.0,10.95,,,,,,,,,,,,,,,,,,,,,,,,,,,,,2026-07,4235.0,-5.36,18.28,11.74,1.75,2555.18,138.0,110.0,25.45,3.08,44.87,10.62,5.25,5.45,9.53,-8.3,63.2,2.13,1.98,0.75,56.12,2822.38,2021.12,647.0,643.01,906.64,12.82,255.84,0.45,63.0,100.0,,,,2026-09-29,2027-03-30,tv_wilder_rsi14_sma5_v1,78.83,72.91,True,True,5.92
2163,2163.T,アルトナー,2026-06,OUT,1,52.91,54.02,False,True,1.11,2026-06,991.0,991.0,991.0,0.0,,,,,,,,,,,,,,,,,,,,,,,,,,,,,2026-07,951.0,-4.04,16.89,23.39,4.14,484.12,64.5,84.0,-23.21,3.22,70.9,27.13,15.43,10.42,18.06,23.0,18.0,3.54,3.46,19.68,57.66,212.21,177.72,,,44.59,10.1,19.77,0.25,10.6,92.9,,,,2026-07-30,2027-01-28,tv_wilder_rsi14_sma5_v1,54.02,52.91,True,False,1.11
2217,2217.T,モロゾフ,2026-06,OUT,1,50.37,53.26,False,True,2.89,2026-06,1540.0,1540.0,1540.0,0.0,,,,,,,,,,,,,,,,,,,,,,,,,,,,,2026-07,1500.0,-2.6,50.0,7.0,1.6,991.01,16.0,16.0,0.0,1.01,50.24,2.86,2.53,1.54,2.98,1.7,-30.2,1.65,1.23,10.14,70.56,318.76,270.34,,,68.75,20.18,17.55,-0.12,20.06,92.9,,,,2026-07-30,2027-01-28,tv_wilder_rsi14_sma5_v1,53.26,50.37,True,False,2.89
2264,2264.T,森永乳業,2026-06,OUT,8,75.0,76.05,True,True,1.05,2025-11,937.5,1267.5,1267.5,35.2,,,,,,,,,,,,,,,,,,,,,,,,,,,,,2026-07,1191.0,27.04,17.36,4.83,1.41,851.22,25.0,25.0,0.0,2.09,36.26,8.27,4.04,3.96,2.84,2.4,,1.38,0.66,43.85,50.22,3865.23,4881.25,357.16,-59.79,260.59,1226.69,583.63,0.17,322.77,96.4,,,,2026-09-29,2027-03-30,tv_wilder_rsi14_sma5_v1,76.05,75.0,True,True,1.05
2268,2268.T,Ｂ－Ｒ　サーティワン　アイスクリーム,2026-06,OUT,3,48.93,48.95,True,False,0.02,2026-04,4070.0,4065.0,4065.0,-0.12,,,,,,,,,,,,,,,,,,,,,,,,,,,,,2026-07,4070.0,0.0,,,,,,,,,,,,,,,,,,,,,,,,,,,,,0,,,,,,tv_wilder_rsi14_sma5_v1,48.95,48.93,False,True,0.02
2334,2334.T,イオレ,2026-06,OUT,3,61.73,66.97,True,True,5.24,2026-04,504.0,603.0,603.0,19.64,,,,,,,,,,,,,,,,,,,,,,,,,,,,,2026-07,453.0,-10.12,,,,,,,,,,,,,,,,,,,,,,,,,,,,,0,,,,,,tv_wilder_rsi14_sma5_v1,66.97,61.73,True,True,5.24
2388,2388.T,ウェッジホールディングス,2026-06,OUT,1,39.58,45.99,True,True,6.42,2026-06,65.0,65.0,65.0,0.0,,,,,,,,,,,,,,,,,,,,,,,,,,,,,2026-07,37.0,-43.08,,,,,,,,,,,,,,,,,,,,,,,,,,,,,0,,,,,,tv_wilder_rsi14_sma5_v1,45.99,39.58,True,True,6.42
2424,2424.T,ブラス,2026-06,OUT,1,43.25,43.92,False,True,0.67,2026-06,608.0,608.0,608.0,0.0,,,,,,,,,,,,,,,,,,,,,,,,,,,,,2026-07,596.0,-1.97,,,,,,,,,,,,,,,,,,,,,,,,,,,,,0,,,,,,tv_wilder_rsi14_sma5_v1,43.92,43.25,True,False,0.67
2531,2531.T,宝ホールディングス,2026-06,OUT,3,67.04,75.04,True,True,8.0,2026-04,1770.0,2240.5,2240.5,26.58,,,,,,,,,,,,,,,,,,,,,,,,,,,,,2026-07,2089.5,18.05,35.46,22.95,1.6,1344.6,31.0,29.0,6.9,1.44,47.92,2.77,2.15,2.97,4.32,7.3,-64.0,3.04,1.83,22.88,50.47,4113.18,4625.83,173.18,-15.61,731.91,711.41,324.31,0.44,191.44,100.0,,,,2027-03-30,2027-03-30,tv_wilder_rsi14_sma5_v1,75.04,67.04,True,True,8.0
2579,2579.T,コカ・コーラ　ボトラーズジャパンホールディングス,2026-06,OUT,1,69.02,71.77,False,True,2.75,2026-06,4292.0,4292.0,4292.0,0.0,,,,,,,,,,,,,,,,,,,,,,,,,,,,,2026-07,3828.0,-10.81,,45.85,1.91,2246.03,72.0,60.0,20.0,1.68,265.66,-11.06,2.51,-5.02,-1.36,3.6,,1.22,0.82,36.22,54.39,6942.97,7652.17,695.4,349.52,726.11,1336.22,654.35,0.0,161.88,92.9,,,,2026-12-29,2026-12-29,tv_wilder_rsi14_sma5_v1,71.77,69.02,True,False,2.75
2585,2585.T,ライフドリンク　カンパニー,2026-06,OUT,3,46.12,50.09,True,False,3.97,2026-04,1408.0,1647.0,1647.0,16.97,,,,,,,,,,,,,,,,,,,,,,,,,,,,,2026-07,1446.0,2.7,21.37,15.92,4.47,316.99,15.0,14.0,7.14,1.06,21.08,22.56,8.29,6.57,5.88,19.9,-23.8,0.82,0.49,138.31,34.95,735.79,927.68,49.51,-96.16,35.61,227.5,75.32,-0.25,51.89,100.0,,,,2027-03-30,2027-03-30,tv_wilder_rsi14_sma5_v1,50.09,46.12,False,True,3.97
262A,262A.T,インターメスティック,2026-06,OUT,1,49.31,50.64,True,True,1.34,2026-06,2042.0,2042.0,2042.0,0.0,,,,,,,,,,,,,,,,,,,,,,,,,,,,,2026-07,1949.0,-4.55,13.89,,2.13,852.19,51.0,44.0,15.91,2.8,33.59,17.11,8.85,7.07,11.69,80.7,4.4,1.04,0.5,72.23,41.25,556.61,668.92,,,76.04,188.35,77.11,,30.6,85.7,,,,2026-12-29,2026-12-29,tv_wilder_rsi14_sma5_v1,50.64,49.31,True,True,1.34
2676,2676.T,高千穂交易,2026-06,OUT,1,58.54,61.47,True,True,2.93,2026-06,2153.0,2153.0,2153.0,0.0,,,,,,,,,,,,,,,,,,,,,,,,,,,,,2026-07,2046.0,-4.97,,,2.19,941.89,76.0,76.0,0.0,3.69,96.17,8.22,5.33,4.79,8.16,4.0,-18.2,2.9,2.03,4.7,68.47,384.99,319.77,19.34,15.48,73.49,8.27,22.78,0.35,18.68,92.9,,,,2026-09-29,2027-03-30,tv_wilder_rsi14_sma5_v1,61.47,58.54,True,True,2.93
2693,2693.T,ＹＫＴ,2026-06,OUT,5,56.75,60.45,True,False,3.7,2026-02,250.0,342.0,342.0,36.8,,,,,,,,,,,,,,,,,,,,,,,,,,,,,2026-07,303.0,21.2,,,,,,,,,,,,,,,,,,,,,,,,,,,,,0,,,,,,tv_wilder_rsi14_sma5_v1,60.45,56.75,False,True,3.7
2802,2802.T,味の素,2026-06,OUT,5,67.49,72.0,True,True,4.51,2026-02,4968.0,5873.0,5873.0,18.22,,,,,,,,,,,,,,,,,,,,,,,,,,,,,2026-07,4965.0,-0.06,37.59,22.38,6.46,804.24,50.0,48.0,4.17,0.96,34.69,17.5,5.68,8.5,6.74,10.5,,1.57,0.69,57.17,42.53,49579.93,54275.95,2393.51,943.18,1066.93,4826.7,2494.09,0.4,954.56,96.4,,,,2026-09-29,2027-03-30,tv_wilder_rsi14_sma5_v1,72.0,67.49,True,True,4.51
280A,280A.T,ＴＭＨ,2026-06,OUT,1,53.87,54.82,,False,0.95,2026-06,2007.0,2007.0,2007.0,0.0,,,,,,,,,,,,,,,,,,,,,,,,,,,,,2026-07,937.0,-53.31,,,,,,,,,,,,,,,,,,,,,,,,,,,,,0,,,,,,tv_wilder_rsi14_sma5_v1,54.82,53.87,False,,0.95
281A,281A.T,インフォメティス,2026-06,OUT,1,43.11,44.95,,False,1.84,2026-06,670.0,670.0,670.0,0.0,,,,,,,,,,,,,,,,,,,,,,,,,,,,,2026-07,429.0,-35.97,,,,,,,,,,,,,,,,,,,,,,,,,,,,,0,,,,,,tv_wilder_rsi14_sma5_v1,44.95,43.11,False,,1.84
285A,285A.T,キオクシアホールディングス,2026-06,OUT,1,90.6,95.93,,True,5.33,2026-06,89680.0,89680.0,89680.0,0.0,,,,,,,,,,,,,,,,,,,,,,,,,,,,,2026-07,46500.0,-48.15,51.55,,20.34,2561.74,,0.0,,,0.0,51.9,16.43,23.72,59.38,188.9,1866.8,1.47,1.04,89.57,37.91,285168.07,292319.9,6165.4,2092.85,4778.98,12531.89,11474.83,,547.24,82.1,,,,,,tv_wilder_rsi14_sma5_v1,95.93,90.6,True,,5.33
2962,2962.T,テクニスコ,2026-06,OUT,10,66.66,76.58,True,True,9.93,2025-09,297.0,1990.0,1990.0,570.03,,,,,,,,,,,,,,,,,,,,,,,,,,,,,2026-07,1182.0,297.98,,,,,,,,,,,,,,,,,,,,,,,,,,,,,0,,,,,,tv_wilder_rsi14_sma5_v1,76.58,66.66,True,True,9.93
3035,3035.T,ケイティケイ,2026-06,OUT,7,68.9,76.94,True,True,8.04,2025-12,652.0,856.0,856.0,31.29,,,,,,,,,,,,,,,,,,,,,,,,,,,,,2026-07,821.0,25.92,,,,,,,,,,,,,,,,,,,,,,,,,,,,,0,,,,,,tv_wilder_rsi14_sma5_v1,76.94,68.9,True,True,8.04
3046,3046.T,ジンズホールディングス,2026-06,OUT,3,51.77,58.99,True,False,7.23,2026-04,6630.0,8050.0,8050.0,21.42,,,,,,,,,,,,,,,,,,,,,,,,,,,,,2026-07,6380.0,-3.77,18.66,26.05,4.15,1528.86,115.0,106.0,8.49,1.81,31.17,,,7.66,13.45,21.0,13.9,1.26,0.81,21.78,54.86,1480.1,1454.77,,,103.24,77.74,151.96,0.35,23.35,85.7,,,,2026-08-28,2026-08-28,tv_wilder_rsi14_sma5_v1,58.99,51.77,False,True,7.23
3086,3086.T,Ｊ．フロント　リテイリング,2026-06,OUT,1,62.77,74.23,True,True,11.45,2026-06,3617.0,3617.0,3617.0,0.0,,,,,,,,,,,,,,,,,,,,,,,,,,,,,2026-07,2981.5,-17.57,28.99,25.68,1.95,1676.97,56.0,54.0,3.7,1.71,47.87,6.48,2.55,6.24,13.27,-3.9,-5.0,0.64,0.54,83.51,36.4,8033.83,11407.19,771.96,422.99,255.92,3534.35,913.07,-0.06,245.91,100.0,,,,2026-08-28,2027-02-25,tv_wilder_rsi14_sma5_v1,74.23,62.77,True,True,11.45
3089,3089.T,テクノアルファ,2026-06,OUT,2,54.23,56.09,False,False,1.85,2026-05,1279.0,1238.0,1238.0,-3.21,,,,,,,,,,,,,,,,,,,,,,,,,,,,,2026-07,1019.0,-20.33,,,,,,,,,,,,,,,,,,,,,,,,,,,,,0,,,,,,tv_wilder_rsi14_sma5_v1,56.09,54.23,False,False,1.85
3099,3099.T,三越伊勢丹ホールディングス,2026-06,OUT,5,63.68,71.62,True,True,7.94,2026-02,3080.0,4118.0,4118.0,33.7,,,,,,,,,,,,,,,,,,,,,,,,,,,,,2026-07,3587.0,16.46,18.21,24.12,2.21,1765.49,80.0,70.0,14.29,2.05,32.74,12.44,4.13,13.95,15.76,0.9,308.6,0.81,0.64,11.0,50.84,13583.96,13551.21,906.55,510.07,752.73,682.33,1044.5,0.14,348.75,100.0,,,,2026-09-29,2027-03-30,tv_wilder_rsi14_sma5_v1,71.62,63.68,True,True,7.94
3104,3104.T,富士紡ホールディングス,2026-06,OUT,14,89.7,91.08,True,True,1.38,2025-05,1743.33,4250.0,4250.0,143.79,,,,,,,,,,,,,,,,,,,,,,,,,,,,,2026-07,3480.0,99.62,22.12,9.48,2.4,1533.05,78.0,180.0,-56.67,2.12,36.05,11.32,7.35,12.22,18.69,8.2,46.5,1.92,1.39,0.62,71.98,1240.81,1148.65,101.43,40.02,95.35,3.2,115.69,0.69,33.72,100.0,,,,2026-09-29,2027-03-30,tv_wilder_rsi14_sma5_v1,91.08,89.7,True,True,1.38
3105,3105.T,日清紡ホールディングス,2026-06,OUT,3,75.37,79.76,True,True,4.4,2026-04,2063.0,2475.0,2475.0,19.97,,,,,,,,,,,,,,,,,,,,,,,,,,,,,2026-07,2179.5,5.65,24.69,20.15,1.51,1457.94,36.0,30.0,20.0,1.64,40.42,0.87,0.82,-0.0,-1.31,-0.2,,1.37,0.75,61.66,43.02,3438.71,5130.94,,,424.34,1632.94,309.25,1.2,156.2,89.3,,,,2026-12-29,2026-12-29,tv_wilder_rsi14_sma5_v1,79.76,75.37,True,True,4.4
3172,3172.T,ティーライフ,2026-06,OUT,3,45.14,45.83,True,True,0.69,2026-04,1157.0,1155.0,1155.0,-0.17,,,,,,,,,,,,,,,,,,,,,,,,,,,,,2026-07,1121.0,-3.11,,,,,,,,,,,,,,,,,,,,,,,,,,,,,0,,,,,,tv_wilder_rsi14_sma5_v1,45.83,45.14,True,True,0.69
3180,3180.T,ビューティガレージ,2026-06,OUT,1,45.16,45.96,True,True,0.8,2026-06,1447.0,1447.0,1447.0,0.0,,,,,,,,,,,,,,,,,,,,,,,,,,,,,2026-07,1389.0,-4.01,19.92,13.56,2.22,667.27,18.0,16.0,12.5,1.22,21.51,11.9,5.46,2.39,6.02,11.8,-7.7,1.95,1.18,34.66,46.92,185.79,183.62,5.53,-12.24,35.36,30.09,19.32,0.55,12.55,100.0,,,,2026-10-29,2027-04-28,tv_wilder_rsi14_sma5_v1,45.96,45.16,True,True,0.8
3186,3186.T,ネクステージ,2026-06,OUT,1,66.13,69.09,True,True,2.96,2026-06,4075.0,4075.0,4075.0,0.0,,,,,,,,,,,,,,,,,,,,,,,,,,,,,2026-07,3350.0,-17.79,15.82,18.51,3.25,1081.65,45.0,45.0,0.0,1.28,20.27,22.46,6.88,2.37,3.84,28.1,60.4,1.82,0.65,137.05,34.92,2755.48,3582.97,123.49,17.9,333.41,1162.1,334.1,0.98,78.39,100.0,,,,2026-11-27,2026-11-27,tv_wilder_rsi14_sma5_v1,69.09,66.13,True,True,2.96
3407,3407.T,旭化成,2026-06,OUT,1,69.64,69.73,False,True,0.09,2026-06,1791.0,1791.0,1791.0,0.0,,,,,,,,,,,,,,,,,,,,,,,,,,,,,2026-07,1722.5,-3.82,15.65,18.25,1.19,1539.66,44.0,42.0,4.76,2.41,35.91,8.02,3.55,5.17,7.04,4.5,4.8,2.35,1.12,46.69,50.47,24629.41,31929.95,3031.04,172.34,3770.23,10112.21,4275.44,0.65,1346.24,100.0,,,,2026-09-29,2027-03-30,tv_wilder_rsi14_sma5_v1,69.73,69.64,True,False,0.09
3418,3418.T,バルニバービ,2026-06,OUT,1,46.71,48.02,True,True,1.32,2026-06,1116.0,1116.0,1116.0,0.0,,,,,,,,,,,,,,,,,,,,,,,,,,,,,2026-07,1050.0,-5.91,,,,,,,,,,,,,,,,,,,,,,,,,,,,,0,,,,,,tv_wilder_rsi14_sma5_v1,48.02,46.71,True,True,1.32
3421,3421.T,稲葉製作所,2026-06,OUT,2,53.41,56.14,True,True,2.72,2026-05,1725.0,1771.0,1771.0,2.67,,,,,,,,,,,,,,,,,,,,,,,,,,,,,2026-07,1703.0,-1.28,,,,,,,,,,,,,,,,,,,,,,,,,,,,,0,,,,,,tv_wilder_rsi14_sma5_v1,56.14,53.41,True,True,2.72
3433,3433.T,トーカロ,2026-06,OUT,1,71.15,71.17,False,True,0.02,2026-06,3245.0,3245.0,3245.0,0.0,,,,,,,,,,,,,,,,,,,,,,,,,,,,,2026-07,2911.0,-10.29,17.04,21.17,2.57,1122.57,86.0,85.0,1.18,2.98,50.24,15.68,10.31,17.2,28.82,10.8,59.2,3.98,3.08,10.42,74.76,1714.48,1701.8,77.49,-49.09,147.35,75.68,179.2,0.86,59.47,100.0,,,,2026-09-29,2027-03-30,tv_wilder_rsi14_sma5_v1,71.17,71.15,True,False,0.02
3436,3436.T,ＳＵＭＣＯ,2026-06,OUT,7,66.93,79.3,True,True,12.37,2025-12,1435.0,4029.0,4029.0,180.77,,,,,,,,,,,,,,,,,,,,,,,,,,,,,2026-07,3357.0,133.94,,79.5,2.4,1628.05,20.0,20.0,0.0,0.51,54.09,-3.48,-0.9,-5.69,-7.28,-1.0,,3.36,1.43,58.38,51.28,13687.78,17037.72,,,1099.75,3738.87,1083.33,1.14,349.71,85.7,,,,2026-06-29,2026-06-29,tv_wilder_rsi14_sma5_v1,79.3,66.93,True,True,12.37
3441,3441.T,山王,2026-06,OUT,8,83.79,91.61,True,True,7.82,2025-11,1056.0,3445.0,3445.0,226.23,,,,,,,,,,,,,,,,,,,,,,,,,,,,,2026-07,2518.0,138.45,,,,,,,,,,,,,,,,,,,,,,,,,,,,,0,,,,,,tv_wilder_rsi14_sma5_v1,91.61,83.79,True,True,7.82
3445,3445.T,ＲＳ　Ｔｅｃｈｎｏｌｏｇｉｅｓ,2026-06,OUT,3,68.19,76.23,True,False,8.05,2026-04,5990.0,7280.0,7280.0,21.54,,,,,,,,,,,,,,,,,,,,,,,,,,,,,2026-07,6310.0,5.34,18.42,18.0,2.02,3188.48,55.0,45.0,22.22,0.85,12.86,8.76,4.92,12.15,18.96,8.7,11.8,4.67,4.1,8.06,39.09,1715.46,1682.38,,,936.71,130.67,207.95,1.19,26.6,92.9,,,,2026-12-29,2026-12-29,tv_wilder_rsi14_sma5_v1,76.23,68.19,False,True,8.05
3449,3449.T,テクノフレックス,2026-06,OUT,3,91.5,97.47,True,True,5.96,2026-04,4785.0,9860.0,9860.0,106.06,,,,,,,,,,,,,,,,,,,,,,,,,,,,,2026-07,4860.0,1.57,,,,,,,,,,,,,,,,,,,,,,,,,,,,,0,,,,,,tv_wilder_rsi14_sma5_v1,97.47,91.5,True,True,5.96
3512,3512.T,日本フエルト,2026-06,OUT,1,84.21,85.85,False,True,1.64,2026-06,965.0,965.0,965.0,0.0,,,,,,,,,,,,,,,,,,,,,,,,,,,,,2026-07,920.0,-4.66,,,,,,,,,,,,,,,,,,,,,,,,,,,,,0,,,,,,tv_wilder_rsi14_sma5_v1,85.85,84.21,True,False,1.64
3550,3550.T,スタジオアタオ,2026-06,OUT,1,51.76,52.49,True,True,0.72,2026-06,224.0,224.0,224.0,0.0,,,,,,,,,,,,,,,,,,,,,,,,,,,,,2026-07,221.0,-1.34,,,,,,,,,,,,,,,,,,,,,,,,,,,,,0,,,,,,tv_wilder_rsi14_sma5_v1,52.49,51.76,True,True,0.72
3566,3566.T,ユニフォームネクスト,2026-06,OUT,3,67.32,70.06,True,False,2.74,2026-04,810.0,863.0,863.0,6.54,,,,,,,,,,,,,,,,,,,,,,,,,,,,,2026-07,837.0,3.33,,,,,,,,,,,,,,,,,,,,,,,,,,,,,0,,,,,,tv_wilder_rsi14_sma5_v1,70.06,67.32,False,True,2.74
3662,3662.T,エイチームホールディングス,2026-06,OUT,1,50.05,51.77,False,True,1.72,2026-06,1011.0,1011.0,1011.0,0.0,,,,,,,,,,,,,,,,,,,,,,,,,,,,,2026-07,910.0,-9.99,31.75,25.4,2.15,474.17,28.0,36.0,-22.22,2.74,112.01,4.05,2.77,1.59,2.97,-7.9,-76.2,2.5,1.93,19.36,62.68,189.76,159.55,,,48.93,17.33,13.69,0.29,18.59,92.9,,,,2026-07-30,2026-07-30,tv_wilder_rsi14_sma5_v1,51.77,50.05,True,False,1.72
3776,3776.T,ブロードバンドタワー,2026-06,OUT,13,64.16,69.9,True,True,5.74,2025-06,154.0,285.0,285.0,85.06,,,,,,,,,,,,,,,,,,,,,,,,,,,,,2026-07,230.0,49.35,,,,,,,,,,,,,,,,,,,,,,,,,,,,,0,,,,,,tv_wilder_rsi14_sma5_v1,69.9,64.16,True,True,5.74
3791,3791.T,ＩＧポート,2026-06,OUT,3,45.35,45.38,True,False,0.03,2026-04,1334.0,1306.0,1306.0,-2.1,,,,,,,,,,,,,,,,,,,,,,,,,,,,,2026-07,1066.0,-20.09,,,,,,,,,,,,,,,,,,,,,,,,,,,,,0,,,,,,tv_wilder_rsi14_sma5_v1,45.38,45.35,False,True,0.03
3840,3840.T,パス,2026-06,OUT,4,34.77,36.47,True,True,1.69,2026-03,67.0,60.0,60.0,-10.45,,,,,,,,,,,,,,,,,,,,,,,,,,,,,2026-07,57.0,-14.93,,,,,,,,,,,,,,,,,,,,,,,,,,,,,0,,,,,,tv_wilder_rsi14_sma5_v1,36.47,34.77,True,True,1.69
3891,3891.T,ニッポン高度紙工業,2026-06,OUT,3,79.57,87.8,True,True,8.23,2026-04,6360.0,9710.0,9710.0,52.67,,,,,,,,,,,,,,,,,,,,,,,,,,,,,2026-07,6730.0,5.82,,,,,,,,,,,,,,,,,,,,,,,,,,,,,0,,,,,,tv_wilder_rsi14_sma5_v1,87.8,79.57,True,True,8.23
3905,3905.T,データセクション,2026-06,OUT,2,57.3,57.55,True,False,0.25,2026-05,6140.0,3465.0,3465.0,-43.57,,,,,,,,,,,,,,,,,,,,,,,,,,,,,2026-07,2134.0,-65.24,,,,,,,,,,,,,,,,,,,,,,,,,,,,,0,,,,,,tv_wilder_rsi14_sma5_v1,57.55,57.3,False,True,0.25
3922,3922.T,ＰＲ　ＴＩＭＥＳ,2026-06,OUT,2,47.34,48.91,False,False,1.57,2026-05,2291.0,2282.0,2282.0,-0.39,,,,,,,,,,,,,,,,,,,,,,,,,,,,,2026-07,2091.0,-8.73,11.85,16.87,2.93,705.61,16.8,0.0,,0.81,7.9,28.76,23.04,24.87,34.82,9.7,4.8,6.28,6.07,,80.06,279.35,200.67,,,79.07,0.0,38.84,0.6,13.51,85.7,,,,2027-02-25,2027-02-25,tv_wilder_rsi14_sma5_v1,48.91,47.34,False,False,1.57
3930,3930.T,はてな,2026-06,OUT,2,47.01,54.82,True,True,7.81,2026-05,929.0,1143.0,1143.0,23.04,,,,,,,,,,,,,,,,,,,,,,,,,,,,,2026-07,805.0,-13.35,,,,,,,,,,,,,,,,,,,,,,,,,,,,,0,,,,,,tv_wilder_rsi14_sma5_v1,54.82,47.01,True,True,7.81
3931,3931.T,バリューゴルフ,2026-06,OUT,5,67.31,72.73,True,True,5.42,2026-02,1598.0,1990.0,1990.0,24.53,,,,,,,,,,,,,,,,,,,,,,,,,,,,,2026-07,1533.0,-4.07,,,,,,,,,,,,,,,,,,,,,,,,,,,,,0,,,,,,tv_wilder_rsi14_sma5_v1,72.73,67.31,True,True,5.42
3964,3964.T,オークネット,2026-06,OUT,14,82.04,83.76,True,False,1.72,2025-05,772.0,1364.0,1364.0,76.68,,,,,,,,,,,,,,,,,,,,,,,,,,,,,2026-07,1335.0,72.93,21.6,7.94,4.74,296.07,42.0,26.5,58.49,2.99,40.82,24.58,12.4,9.14,17.74,13.8,10.0,1.84,1.41,,51.88,1272.81,1063.22,,,212.26,0.0,105.76,0.19,90.72,89.3,,,,2026-12-29,2026-12-29,tv_wilder_rsi14_sma5_v1,83.76,82.04,False,True,1.72
4021,4021.T,日産化学,2026-06,OUT,3,65.22,71.26,True,True,6.05,2026-04,6775.0,8473.0,8473.0,25.06,,,,,,,,,,,,,,,,,,,,,,,,,,,,,2026-07,7503.0,10.75,20.66,23.59,4.0,1903.41,212.0,202.0,4.95,2.79,54.85,20.39,11.58,17.78,22.06,10.0,31.6,2.83,1.73,14.84,71.89,10155.86,10320.6,641.64,324.73,357.29,384.45,790.65,0.48,133.49,100.0,,,,2026-09-29,2027-03-30,tv_wilder_rsi14_sma5_v1,71.26,65.22,True,True,6.05
4027,4027.T,テイカ,2026-06,OUT,6,68.34,73.72,True,False,5.38,2026-01,1391.0,2360.0,2360.0,69.66,,,,,,,,,,,,,,,,,,,,,,,,,,,,,2026-07,2224.0,59.88,,10.95,0.88,2670.6,80.0,60.0,33.33,3.4,45.7,-1.4,1.54,-1.53,4.66,6.9,,2.96,1.78,20.13,68.85,532.77,551.5,45.41,-40.17,112.73,123.77,61.19,0.44,22.66,92.9,,,,2026-09-29,2027-03-30,tv_wilder_rsi14_sma5_v1,73.72,68.34,False,True,5.38
4042,4042.T,東ソー,2026-06,OUT,2,63.64,68.33,True,True,4.69,2026-05,2750.0,2927.0,2927.0,6.44,,,,,,,,,,,,,,,,,,,,,,,,,,,,,2026-07,2710.5,-1.44,20.53,12.3,1.01,2701.58,100.0,100.0,0.0,3.68,75.54,6.31,4.36,4.08,9.72,-1.4,84.6,2.25,1.38,24.91,59.04,8362.31,9728.72,1145.56,395.21,1796.16,2289.1,1436.14,0.52,307.89,100.0,,,,2026-09-29,2027-03-30,tv_wilder_rsi14_sma5_v1,68.33,63.64,True,True,4.69
4043,4043.T,トクヤマ,2026-06,OUT,2,69.5,69.72,False,False,0.22,2026-05,5107.0,4889.0,4889.0,-4.27,,,,,,,,,,,,,,,,,,,,,,,,,,,,,2026-07,3792.0,-25.75,14.62,10.72,1.15,3934.73,120.0,120.0,0.0,2.66,38.88,7.88,4.48,6.35,10.5,9.2,-48.5,1.75,1.07,54.4,50.78,3245.45,4540.96,509.85,116.69,471.93,1620.19,594.88,0.53,71.95,100.0,,,,2026-03-30,2026-03-30,tv_wilder_rsi14_sma5_v1,69.72,69.5,False,False,0.22
4044,4044.T,セントラル硝子,2026-06,OUT,1,66.19,68.04,True,True,1.85,2026-06,4420.0,4420.0,4420.0,0.0,,,,,,,,,,,,,,,,,,,,,,,,,,,,,2026-07,3980.0,-9.95,12.12,10.04,0.82,4986.33,170.0,170.0,0.0,4.16,50.4,7.51,3.11,5.79,9.24,3.1,,2.54,1.44,23.27,62.49,1014.02,1101.27,264.41,94.04,256.97,298.36,180.2,0.13,24.79,96.4,,,,2026-09-29,2027-03-30,tv_wilder_rsi14_sma5_v1,68.04,66.19,True,True,1.85
4047,4047.T,関東電化工業,2026-06,OUT,2,75.39,83.2,True,False,7.8,2026-05,3625.0,3555.0,3555.0,-1.93,,,,,,,,,,,,,,,,,,,,,,,,,,,,,2026-07,2669.0,-26.37,40.99,29.85,2.14,1262.27,36.0,20.0,80.0,1.33,30.32,5.4,2.69,5.79,15.37,18.8,49.7,2.32,1.41,53.66,55.13,1549.13,1763.89,72.8,-40.22,202.2,398.44,147.85,1.24,57.35,100.0,,,,2026-09-29,2027-03-30,tv_wilder_rsi14_sma5_v1,83.2,75.39,False,True,7.8
4062,4062.T,イビデン,2026-06,OUT,3,78.23,86.31,True,True,8.08,2026-04,13480.0,23815.0,23815.0,76.67,,,,,,,,,,,,,,,,,,,,,,,,,,,,,2026-07,16650.0,23.52,72.99,50.77,7.96,1969.85,35.0,25.0,40.0,0.22,11.63,12.17,3.56,15.31,14.06,18.6,247.3,2.1,1.7,35.69,57.27,43799.66,42905.34,1064.07,-476.82,2956.81,1989.13,1243.95,1.71,279.25,100.0,,,,2026-09-29,2027-03-30,tv_wilder_rsi14_sma5_v1,86.31,78.23,True,True,8.08
4064,4064.T,日本カーバイド工業,2026-06,OUT,1,71.21,75.31,False,True,4.1,2026-06,3590.0,3590.0,3590.0,0.0,,,,,,,,,,,,,,,,,,,,,,,,,,,,,2026-07,3205.0,-10.72,11.53,13.95,0.78,4123.99,134.0,92.0,45.65,4.16,32.89,7.52,4.06,5.22,7.08,-3.5,11.6,3.22,2.33,16.74,61.27,300.75,238.66,55.67,31.52,155.52,68.54,59.55,0.44,9.33,100.0,,,,2026-09-29,2027-03-30,tv_wilder_rsi14_sma5_v1,75.31,71.21,True,False,4.1
4071,4071.T,プラスアルファ・コンサルティング,2026-06,OUT,2,52.22,58.65,True,True,6.43,2026-05,2622.0,2673.0,2673.0,1.95,,,,,,,,,,,,,,,,,,,,,,,,,,,,,2026-07,2288.0,-12.74,25.58,18.93,6.31,379.47,50.0,29.0,72.41,2.09,30.99,29.79,27.27,21.51,41.12,14.4,22.8,5.01,4.9,,79.39,1015.96,861.09,54.89,50.06,154.59,0.0,76.5,0.75,42.4,96.4,,,,2026-09-29,2026-09-29,tv_wilder_rsi14_sma5_v1,58.65,52.22,True,True,6.43
4088,4088.T,エア・ウォーター,2026-06,OUT,2,57.38,67.29,True,True,9.91,2026-05,2599.0,2767.0,2767.0,6.46,,,,,,,,,,,,,,,,,,,,,,,,,,,,,2026-07,2517.0,-3.16,54.05,11.65,1.3,1940.3,75.0,80.5,-6.83,2.97,171.75,1.66,1.59,0.71,2.75,,,1.38,0.9,92.19,41.37,5792.31,9537.02,902.42,-170.61,637.87,4235.53,808.82,0.29,229.22,92.9,,,,2026-03-30,2026-03-30,tv_wilder_rsi14_sma5_v1,67.29,57.38,True,True,9.91
4099,4099.T,四国化成ホールディングス,2026-06,OUT,1,80.07,83.05,False,True,2.98,2026-06,3525.0,3525.0,3525.0,0.0,,,,,,,,,,,,,,,,,,,,,,,,,,,,,2026-07,2791.0,-20.82,27.25,13.95,2.36,1116.41,30.0,27.5,9.09,1.14,28.48,10.46,5.4,12.98,21.36,18.2,63.2,3.14,2.4,25.74,64.95,2274.91,2095.48,,,438.21,250.64,157.33,0.67,86.5,92.9,,,,2026-12-29,2026-12-29,tv_wilder_rsi14_sma5_v1,83.05,80.07,True,False,2.98
4100,4100.T,戸田工業,2026-06,OUT,2,51.57,53.08,True,False,1.51,2026-05,2020.0,1677.0,1677.0,-16.98,,,,,,,,,,,,,,,,,,,,,,,,,,,,,2026-07,1403.0,-30.54,,,,,,,,,,,,,,,,,,,,,,,,,,,,,0,,,,,,tv_wilder_rsi14_sma5_v1,53.08,51.57,False,True,1.51
4109,4109.T,ステラ　ケミファ,2026-06,OUT,2,68.56,69.5,False,False,0.94,2026-05,6990.0,6580.0,6580.0,-5.87,,,,,,,,,,,,,,,,,,,,,,,,,,,,,2026-07,5170.0,-26.04,20.92,18.45,1.38,3918.05,180.0,170.0,5.88,3.33,65.78,6.55,4.65,8.31,10.84,2.1,312.6,3.18,2.44,12.92,74.55,660.35,576.65,60.09,-2.59,148.17,62.11,75.34,0.53,12.21,100.0,,,,2026-09-29,2027-03-30,tv_wilder_rsi14_sma5_v1,69.5,68.56,False,False,0.94
4186,4186.T,東京応化工業,2026-06,OUT,2,76.69,78.69,False,True,2.01,2026-05,11010.0,11320.0,11320.0,2.82,,,,,,,,,,,,,,,,,,,,,,,,,,,,,2026-07,8882.0,-19.33,35.46,50.63,2.89,3421.14,80.0,32.0,150.0,0.81,25.88,5.54,3.95,6.13,8.28,92.9,8.2,4.04,3.15,,67.92,11849.77,3852.57,,,461.81,0.0,189.22,0.84,119.9,89.3,,,,2026-12-29,2026-12-29,tv_wilder_rsi14_sma5_v1,78.69,76.69,True,False,2.01
4187,4187.T,大阪有機化学工業,2026-06,OUT,2,67.07,71.84,True,True,4.76,2026-05,5740.0,5960.0,5960.0,3.83,,,,,,,,,,,,,,,,,,,,,,,,,,,,,2026-07,4535.0,-20.99,13.35,29.6,1.92,2671.45,86.0,40.0,115.0,1.67,21.57,15.93,7.5,20.16,23.64,23.4,64.6,3.67,2.68,1.92,78.01,1045.34,895.32,60.46,43.37,171.06,10.63,105.62,1.04,20.34,100.0,,,,2026-11-27,2026-11-27,tv_wilder_rsi14_sma5_v1,71.84,67.07,True,True,4.76
4203,4203.T,住友ベークライト,2026-06,OUT,2,68.07,74.03,True,True,5.95,2026-05,6900.0,7454.0,7454.0,8.03,,,,,,,,,,,,,,,,,,,,,,,,,,,,,2026-07,6513.0,-5.61,21.83,25.13,1.76,3957.19,120.0,110.0,9.09,1.72,34.43,8.81,4.73,8.76,11.32,11.3,32.4,2.93,2.08,7.8,71.71,6114.28,5174.94,350.03,117.51,1247.52,273.59,483.75,0.8,87.74,100.0,,,,2026-09-29,2027-03-30,tv_wilder_rsi14_sma5_v1,74.03,68.07,True,True,5.95
4216,4216.T,旭有機材,2026-06,OUT,4,69.2,77.28,True,True,8.08,2026-03,5560.0,7180.0,7180.0,29.14,,,,,,,,,,,,,,,,,,,,,,,,,,,,,2026-07,6080.0,9.35,34.36,10.94,1.41,4305.87,130.0,120.0,8.33,2.13,67.78,4.3,4.42,4.15,8.34,-7.2,,3.8,2.37,7.96,74.49,1143.94,983.69,104.49,-9.5,232.28,64.92,110.38,0.3,18.78,96.4,,,,2026-09-29,2027-03-30,tv_wilder_rsi14_sma5_v1,77.28,69.2,True,True,8.08
4320,4320.T,ＣＥホールディングス,2026-06,OUT,2,81.61,85.74,True,True,4.13,2026-05,1669.0,1766.0,1766.0,5.81,,,,,,,,,,,,,,,,,,,,,,,,,,,,,2026-07,1675.0,0.36,,,,,,,,,,,,,,,,,,,,,,,,,,,,,0,,,,,,tv_wilder_rsi14_sma5_v1,85.74,81.61,True,True,4.13
4365,4365.T,松本油脂製薬,2026-06,OUT,1,69.04,73.83,True,True,4.78,2026-06,20530.0,20530.0,20530.0,0.0,,,,,,,,,,,,,,,,,,,,,,,,,,,,,2026-07,19760.0,-3.75,,,,,,,,,,,,,,,,,,,,,,,,,,,,,0,,,,,,tv_wilder_rsi14_sma5_v1,73.83,69.04,True,True,4.78
4368,4368.T,扶桑化学工業,2026-06,OUT,2,81.21,84.57,True,True,3.36,2026-05,4275.0,4500.0,4500.0,5.26,,,,,,,,,,,,,,,,,,,,,,,,,,,,,2026-07,3745.0,-12.4,28.74,13.51,3.51,1107.94,28.0,82.0,-65.85,0.72,20.2,12.94,8.02,18.6,22.57,11.2,47.7,3.96,2.98,14.42,76.99,4110.19,3869.13,247.93,112.74,410.06,169.0,297.87,1.03,105.8,100.0,,,,2026-09-29,2027-03-30,tv_wilder_rsi14_sma5_v1,84.57,81.21,True,True,3.36
4369,4369.T,トリケミカル研究所,2026-06,OUT,3,52.24,52.72,True,False,0.47,2026-04,3200.0,3485.0,3485.0,8.91,,,,,,,,,,,,,,,,,,,,,,,,,,,,,2026-07,3245.0,1.41,18.8,18.89,2.82,1131.24,35.0,35.0,0.0,1.1,20.62,18.11,9.1,24.85,27.63,14.0,53.6,4.68,2.85,16.22,76.47,1036.65,1018.29,48.82,-59.26,77.98,59.63,83.73,1.58,32.5,100.0,,,,2027-01-28,2027-01-28,tv_wilder_rsi14_sma5_v1,52.72,52.24,False,True,0.47
4392,4392.T,ＦＩＧ,2026-06,OUT,3,64.67,65.69,True,False,1.02,2026-04,344.0,1126.0,1126.0,227.33,,,,,,,,,,,,,,,,,,,,,,,,,,,,,2026-07,875.0,154.36,41.66,,5.26,202.31,10.0,5.0,100.0,0.94,39.23,,,2.27,3.92,19.2,,2.61,1.7,21.88,56.62,323.18,280.45,0.44,,12.74,16.81,9.45,,30.37,78.6,,,,2026-12-29,2026-12-29,tv_wilder_rsi14_sma5_v1,65.69,64.67,False,True,1.02
4421,4421.T,ディ・アイ・システム,2026-06,OUT,1,49.73,54.32,True,True,4.59,2026-06,970.0,970.0,970.0,0.0,,,,,,,,,,,,,,,,,,,,,,,,,,,,,2026-07,917.0,-5.46,,,,,,,,,,,,,,,,,,,,,,,,,,,,,0,,,,,,tv_wilder_rsi14_sma5_v1,54.32,49.73,True,True,4.59
4462,4462.T,石原ケミカル,2026-06,OUT,1,64.95,71.22,True,True,6.27,2026-06,3340.0,3340.0,3340.0,0.0,,,,,,,,,,,,,,,,,,,,,,,,,,,,,2026-07,2901.0,-13.14,13.48,20.77,1.62,1809.29,48.0,44.0,9.09,1.64,20.25,12.74,8.43,12.66,20.0,5.9,95.0,4.87,4.27,,82.4,400.26,274.83,32.7,20.35,125.43,0.0,44.36,0.62,13.67,96.4,,,,2026-09-29,2027-03-30,tv_wilder_rsi14_sma5_v1,71.22,64.95,True,True,6.27
4536,4536.T,参天製薬,2026-06,OUT,2,60.15,67.92,True,True,7.77,2026-05,1915.5,2133.0,2133.0,11.35,,,,,,,,,,,,,,,,,,,,,,,,,,,,,2026-07,1884.0,-1.64,17.95,18.9,2.21,923.25,42.0,38.0,10.53,2.06,33.39,12.93,6.94,12.81,22.27,4.7,87.6,2.6,1.74,11.74,70.2,6570.46,6099.51,435.0,172.73,808.75,347.52,645.82,0.25,321.69,100.0,,,,2026-09-29,2027-03-30,tv_wilder_rsi14_sma5_v1,67.92,60.15,True,True,7.77
4565,4565.T,ネクセラファーマ,2026-06,OUT,5,44.64,45.92,True,False,1.28,2026-02,966.0,990.0,990.0,2.48,,,,,,,,,,,,,,,,,,,,,,,,,,,,,2026-07,876.0,-9.32,,20.28,1.29,703.75,,0.0,,,0.0,-15.26,-1.35,-29.15,28.83,69.4,,2.61,1.73,87.66,45.25,833.84,1264.93,-49.35,-138.23,115.97,558.3,13.6,0.24,91.73,82.1,,,,2015-03-27,2015-03-27,tv_wilder_rsi14_sma5_v1,45.92,44.64,False,True,1.28
4574,4574.T,大幸薬品,2026-06,OUT,1,41.73,42.34,True,True,0.61,2026-06,283.0,283.0,283.0,0.0,,,,,,,,,,,,,,,,,,,,,,,,,,,,,2026-07,253.0,-10.6,15.13,60.43,0.53,525.89,3.5,13.67,-74.4,1.26,17.95,20.14,14.03,18.61,21.34,15.9,-34.4,2.65,1.72,0.41,69.42,139.7,71.92,,,49.44,0.94,68.94,0.05,50.25,92.9,,,,2026-12-29,2026-12-29,tv_wilder_rsi14_sma5_v1,42.34,41.73,True,True,0.61
4631,4631.T,ＤＩＣ,2026-06,OUT,2,63.89,67.94,True,False,4.06,2026-05,4833.0,4812.0,4812.0,-0.43,,,,,,,,,,,,,,,,,,,,,,,,,,,,,2026-07,4424.0,-8.46,12.99,13.53,0.87,5099.59,140.0,200.0,-30.0,3.16,35.12,10.21,3.16,4.24,8.68,7.8,214.7,1.71,0.85,90.84,36.96,4201.25,8100.51,,,850.18,4559.29,1188.74,0.62,94.69,92.9,,,,2026-12-29,2026-12-29,tv_wilder_rsi14_sma5_v1,67.94,63.89,False,True,4.06
4664,4664.T,アール・エス・シー,2026-06,OUT,1,55.99,60.77,True,True,4.79,2026-06,1102.0,1102.0,1102.0,0.0,,,,,,,,,,,,,,,,,,,,,,,,,,,,,2026-07,915.0,-16.97,,,,,,,,,,,,,,,,,,,,,,,,,,,,,0,,,,,,tv_wilder_rsi14_sma5_v1,60.77,55.99,True,True,4.79
4691,4691.T,ワシントンホテル,2026-06,OUT,3,67.02,74.37,True,True,7.35,2026-04,2030.0,2575.0,2575.0,26.85,,,,,,,,,,,,,,,,,,,,,,,,,,,,,2026-07,2152.0,6.01,,,,,,,,,,,,,,,,,,,,,,,,,,,,,0,,,,,,tv_wilder_rsi14_sma5_v1,74.37,67.02,True,True,7.35
4709,4709.T,ＩＤホールディングス,2026-06,OUT,2,55.79,58.89,True,True,3.1,2026-05,1037.0,1071.0,1071.0,3.28,,,,,,,,,,,,,,,,,,,,,,,,,,,,,2026-07,1022.0,-1.45,12.97,8.78,2.5,446.87,50.0,40.0,25.0,4.48,46.55,20.19,11.1,7.38,10.9,5.3,43.7,2.04,1.86,6.56,63.3,378.87,323.37,30.6,27.74,66.2,10.0,45.18,0.44,33.98,100.0,,,,2026-09-29,2027-03-30,tv_wilder_rsi14_sma5_v1,58.89,55.79,True,True,3.1
4735,4735.T,京進,2026-06,OUT,6,44.38,46.38,True,True,1.99,2026-01,309.0,329.0,329.0,6.47,,,,,,,,,,,,,,,,,,,,,,,,,,,,,2026-07,303.0,-1.94,,,,,,,,,,,,,,,,,,,,,,,,,,,,,0,,,,,,tv_wilder_rsi14_sma5_v1,46.38,44.38,True,True,1.99
4777,4777.T,ガーラ,2026-06,OUT,2,40.96,41.24,False,False,0.28,2026-05,213.0,201.0,201.0,-5.63,,,,,,,,,,,,,,,,,,,,,,,,,,,,,2026-07,199.0,-6.57,,,,,,,,,,,,,,,,,,,,,,,,,,,,,0,,,,,,tv_wilder_rsi14_sma5_v1,41.24,40.96,False,False,0.28
4956,4956.T,コニシ,2026-06,OUT,1,60.62,63.53,True,True,2.92,2026-06,1478.0,1478.0,1478.0,0.0,,,,,,,,,,,,,,,,,,,,,,,,,,,,,2026-07,1414.0,-4.33,11.55,12.32,1.02,1417.09,38.0,38.0,0.0,2.64,30.42,9.16,4.71,5.88,8.24,7.2,-1.2,1.95,1.44,0.16,63.36,900.09,692.62,137.33,64.3,212.94,1.43,135.18,0.45,62.42,100.0,,,,2026-09-29,2027-03-30,tv_wilder_rsi14_sma5_v1,63.53,60.62,True,True,2.92
4966,4966.T,上村工業,2026-06,OUT,1,81.1,83.96,True,True,2.86,2026-06,27440.0,27440.0,27440.0,0.0,,,,,,,,,,,,,,,,,,,,,,,,,,,,,2026-07,22380.0,-18.44,,,,,,,,,,,,,,,,,,,,,,,,,,,,,0,,,,,,tv_wilder_rsi14_sma5_v1,83.96,81.1,True,True,2.86
4970,4970.T,東洋合成工業,2026-06,OUT,13,70.56,74.64,True,False,4.07,2025-06,4850.0,16560.0,16560.0,241.44,,,,,,,,,,,,,,,,,,,,,,,,,,,,,2026-07,12950.0,167.01,,,,,,,,,,,,,,,,,,,,,,,,,,,,,0,,,,,,tv_wilder_rsi14_sma5_v1,74.64,70.56,False,True,4.07
4971,4971.T,メック,2026-06,OUT,3,79.34,83.65,True,True,4.31,2026-04,9300.0,10860.0,10860.0,16.77,,,,,,,,,,,,,,,,,,,,,,,,,,,,,2026-07,8520.0,-8.39,30.12,42.24,10.76,760.89,110.0,10.0,1000.0,1.34,35.28,12.78,7.92,14.45,15.43,87.7,-17.1,2.9,2.51,8.57,83.66,1495.55,1536.27,,,46.34,12.5,28.78,1.06,18.26,92.9,,,,2026-12-29,2026-12-29,tv_wilder_rsi14_sma5_v1,83.65,79.34,True,True,4.31
4975,4975.T,ＪＣＵ,2026-06,OUT,1,69.74,71.45,False,True,1.71,2026-06,7650.0,7650.0,7650.0,0.0,,,,,,,,,,,,,,,,,,,,,,,,,,,,,2026-07,5910.0,-22.75,16.72,21.61,2.76,2216.39,180.0,95.0,89.47,2.94,25.97,17.73,12.93,30.58,40.06,7.0,25.8,5.18,4.47,0.64,87.06,1506.73,1267.95,90.38,15.23,242.29,3.51,131.68,1.21,24.62,100.0,,,,2026-09-29,2027-03-30,tv_wilder_rsi14_sma5_v1,71.45,69.74,True,False,1.71
4980,4980.T,デクセリアルズ,2026-06,OUT,2,61.13,72.08,True,True,10.96,2026-05,4038.0,4254.0,4254.0,5.35,,,,,,,,,,,,,,,,,,,,,,,,,,,,,2026-07,3304.0,-18.18,21.93,22.94,5.37,652.87,64.0,58.0,10.34,1.82,36.24,27.29,15.42,24.61,32.59,14.2,56.5,1.31,1.0,15.09,66.24,5877.93,5876.42,275.44,68.49,166.55,165.04,467.07,0.72,167.51,100.0,,,,2026-09-29,2027-03-30,tv_wilder_rsi14_sma5_v1,72.08,61.13,True,True,10.96
4992,4992.T,北興化学工業,2026-06,OUT,1,65.39,72.17,True,True,6.78,2026-06,2135.0,2135.0,2135.0,0.0,,,,,,,,,,,,,,,,,,,,,,,,,,,,,2026-07,1848.0,-13.44,,,,,,,,,,,,,,,,,,,,,,,,,,,,,0,,,,,,tv_wilder_rsi14_sma5_v1,72.17,65.39,True,True,6.78
5031,5031.T,モイ,2026-06,OUT,2,48.25,48.86,True,False,0.61,2026-05,549.0,339.0,339.0,-38.25,,,,,,,,,,,,,,,,,,,,,,,,,,,,,2026-07,322.0,-41.35,,,,,,,,,,,,,,,,,,,,,,,,,,,,,0,,,,,,tv_wilder_rsi14_sma5_v1,48.86,48.25,False,True,0.61
5074,5074.T,テスホールディングス,2026-06,OUT,6,62.97,65.25,True,False,2.27,2026-01,368.0,932.0,932.0,153.26,,,,,,,,,,,,,,,,,,,,,,,,,,,,,2026-07,678.0,84.24,56.82,27.78,1.06,702.14,5.8,5.12,13.28,0.78,39.02,2.07,1.39,1.8,3.08,18.5,,1.32,0.92,190.57,28.13,526.92,1280.83,,,196.91,948.89,89.95,1.15,70.63,89.3,,,,2026-06-29,2026-06-29,tv_wilder_rsi14_sma5_v1,65.25,62.97,False,True,2.27
5131,5131.T,リンカーズ,2026-06,OUT,1,36.99,38.49,True,True,1.5,2026-06,141.0,141.0,141.0,0.0,,,,,,,,,,,,,,,,,,,,,,,,,,,,,2026-07,114.0,-19.15,,,,,,,,,,,,,,,,,,,,,,,,,,,,,0,,,,,,tv_wilder_rsi14_sma5_v1,38.49,36.99,True,True,1.5
5132,5132.T,ｐｌｕｓｚｅｒｏ,2026-06,OUT,1,43.9,44.38,False,True,0.48,2026-06,2048.0,2048.0,2048.0,0.0,,,,,,,,,,,,,,,,,,,,,,,,,,,,,2026-07,1909.0,-6.79,,,,,,,,,,,,,,,,,,,,,,,,,,,,,0,,,,,,tv_wilder_rsi14_sma5_v1,44.38,43.9,True,False,0.48
5201,5201.T,ＡＧＣ,2026-06,OUT,2,63.52,65.93,True,True,2.41,2026-05,6938.0,6965.0,6965.0,0.39,,,,,,,,,,,,,,,,,,,,,,,,,,,,,2026-07,6079.0,-12.38,18.83,14.86,0.87,7038.2,210.0,210.0,0.0,3.42,64.48,,,0.0,6.63,7.7,243.8,1.41,0.73,40.87,50.34,13030.36,21105.3,2720.99,400.58,1198.48,7027.41,3233.43,,212.39,89.3,,,,2026-12-29,2026-12-29,tv_wilder_rsi14_sma5_v1,65.93,63.52,True,True,2.41
5250,5250.T,ＧＭＯプライム・ストラテジー,2026-06,OUT,2,43.76,44.24,True,False,0.47,2026-05,1199.0,1128.0,1128.0,-5.92,,,,,,,,,,,,,,,,,,,,,,,,,,,,,2026-07,995.0,-17.01,,,,,,,,,,,,,,,,,,,,,,,,,,,,,0,,,,,,tv_wilder_rsi14_sma5_v1,44.24,43.76,False,True,0.47
5310,5310.T,東洋炭素,2026-06,OUT,3,60.22,63.68,True,False,3.46,2026-04,6070.0,7360.0,7360.0,21.25,,,,,,,,,,,,,,,,,,,,,,,,,,,,,2026-07,6620.0,9.06,24.88,14.13,1.42,4568.0,145.0,145.0,0.0,2.24,55.65,5.13,2.86,10.59,5.98,-7.8,-52.3,3.51,1.73,6.24,82.68,1359.0,1257.79,,,161.63,59.82,106.76,0.59,20.97,92.9,,,,2026-12-29,2026-12-29,tv_wilder_rsi14_sma5_v1,63.68,60.22,False,True,3.46
5331,5331.T,ノリタケ,2026-06,OUT,2,79.85,81.77,False,True,1.92,2026-05,3935.0,4080.0,4080.0,3.68,,,,,,,,,,,,,,,,,,,,,,,,,,,,,2026-07,3400.0,-13.6,12.84,6.84,1.08,3031.94,100.0,180.0,-44.44,3.06,35.34,8.9,3.24,9.92,8.95,16.7,51.5,2.05,1.19,10.36,72.47,1798.35,1786.43,100.43,-37.6,195.7,173.84,167.27,0.57,55.0,100.0,,,,2026-09-29,2027-03-30,tv_wilder_rsi14_sma5_v1,81.77,79.85,True,False,1.92
5332,5332.T,ＴＯＴＯ,2026-06,OUT,2,68.93,77.43,True,True,8.5,2026-05,7678.0,8611.0,8611.0,12.15,,,,,,,,,,,,,,,,,,,,,,,,,,,,,2026-07,7010.0,-8.7,30.68,30.53,2.32,3212.73,120.0,110.0,9.09,1.61,45.28,7.18,4.09,5.46,7.01,4.5,,1.56,0.99,12.7,63.84,12250.67,11656.8,712.4,449.11,1328.55,677.85,881.2,1.0,164.42,96.4,,,,2026-09-29,2027-03-30,tv_wilder_rsi14_sma5_v1,77.43,68.93,True,True,8.5
5333,5333.T,ＮＧＫ,2026-06,OUT,2,83.5,88.33,True,True,4.83,2026-05,6316.0,7532.0,7532.0,19.25,,,,,,,,,,,,,,,,,,,,,,,,,,,,,2026-07,5594.0,-11.43,29.15,30.1,2.13,2813.65,106.0,80.0,32.5,1.77,38.83,7.81,4.94,8.94,11.64,11.1,37.6,4.37,2.73,29.93,65.09,16895.9,16194.17,1379.89,578.44,3229.2,2446.34,1517.47,0.65,281.36,100.0,,,,2026-09-29,2027-03-30,tv_wilder_rsi14_sma5_v1,88.33,83.5,True,True,4.83
5334,5334.T,日本特殊陶業,2026-06,OUT,3,78.88,83.6,True,True,4.72,2026-04,8411.0,10705.0,10705.0,27.27,,,,,,,,,,,,,,,,,,,,,,,,,,,,,2026-07,9415.0,11.94,20.08,19.29,2.39,3910.2,210.0,205.0,2.44,2.24,43.96,16.11,7.84,15.44,13.96,22.6,63.1,3.36,1.84,31.44,62.85,18247.55,18862.64,1093.84,283.43,1877.47,2424.6,1836.87,0.28,194.99,100.0,,,,2026-09-29,2027-03-30,tv_wilder_rsi14_sma5_v1,83.6,78.88,True,True,4.72
5337,5337.T,ダントーホールディングス,2026-06,OUT,5,55.38,58.19,True,False,2.81,2026-02,661.0,825.0,825.0,24.81,,,,,,,,,,,,,,,,,,,,,,,,,,,,,2026-07,763.0,15.43,,,,,,,,,,,,,,,,,,,,,,,,,,,,,0,,,,,,tv_wilder_rsi14_sma5_v1,58.19,55.38,False,True,2.81
5341,5341.T,ＡＳＡＨＩ　ＥＩＴＯホールディングス,2026-06,OUT,3,35.99,36.86,True,False,0.87,2026-04,375.0,175.0,175.0,-53.33,,,,,,,,,,,,,,,,,,,,,,,,,,,,,2026-07,148.0,-60.53,,,,,,,,,,,,,,,,,,,,,,,,,,,,,0,,,,,,tv_wilder_rsi14_sma5_v1,36.86,35.99,False,True,0.87
5367,5367.T,ニッカトー,2026-06,OUT,3,74.64,82.82,True,True,8.18,2026-04,870.0,1461.0,1461.0,67.93,,,,,,,,,,,,,,,,,,,,,,,,,,,,,2026-07,1230.0,41.38,,,,,,,,,,,,,,,,,,,,,,,,,,,,,0,,,,,,tv_wilder_rsi14_sma5_v1,82.82,74.64,True,True,8.18
5384,5384.T,フジミインコーポレーテッド,2026-06,OUT,3,64.08,72.48,True,True,8.4,2026-04,3215.0,4575.0,4575.0,42.3,,,,,,,,,,,,,,,,,,,,,,,,,,,,,2026-07,3820.0,18.82,32.47,8.09,3.5,1130.58,77.0,75.0,2.67,1.94,61.42,11.29,8.15,13.05,18.54,14.3,-40.2,3.37,2.48,20.34,69.14,2937.66,2804.95,125.99,-82.55,313.46,172.31,162.19,0.7,74.18,100.0,,,,2026-09-29,2027-03-30,tv_wilder_rsi14_sma5_v1,72.48,64.08,True,True,8.4
5393,5393.T,ニチアス,2026-06,OUT,2,80.1,83.41,True,True,3.31,2026-05,3531.0,3950.0,3950.0,11.87,,,,,,,,,,,,,,,,,,,,,,,,,,,,,2026-07,3359.0,-4.87,19.65,6.97,2.58,1261.39,60.0,54.67,9.75,1.84,33.01,13.93,7.76,12.56,17.5,5.2,17.9,3.69,2.5,4.6,77.66,6136.37,5700.72,239.36,98.65,577.23,110.25,443.28,0.78,188.46,100.0,,,,2026-09-29,2027-03-30,tv_wilder_rsi14_sma5_v1,83.41,80.1,True,True,3.31
5471,5471.T,大同特殊鋼,2026-06,OUT,1,67.48,73.51,False,True,6.03,2026-06,2757.5,2757.5,2757.5,0.0,,,,,,,,,,,,,,,,,,,,,,,,,,,,,2026-07,2274.5,-17.52,14.18,15.59,0.97,2364.55,52.0,49.0,6.12,2.27,30.3,7.1,2.77,5.64,3.46,4.9,117.0,2.24,1.11,35.4,55.18,4582.65,6178.43,660.96,-101.41,630.72,1817.59,674.32,1.13,199.85,100.0,,,,2026-09-29,2027-03-30,tv_wilder_rsi14_sma5_v1,73.51,67.48,True,False,6.03
5659,5659.T,日本精線,2026-06,OUT,3,62.31,62.99,True,False,0.69,2026-04,1410.0,1415.0,1415.0,0.35,,,,,,,,,,,,,,,,,,,,,,,,,,,,,2026-07,1340.0,-4.96,20.24,2.52,1.02,1392.48,46.0,42.0,9.52,3.25,60.05,4.97,3.42,4.61,7.84,6.0,-24.2,4.24,3.02,1.37,75.36,435.2,280.6,36.17,5.63,167.68,5.96,47.58,0.52,30.71,100.0,,,,2026-09-29,2027-03-30,tv_wilder_rsi14_sma5_v1,62.99,62.31,False,True,0.69
5844,5844.T,京都フィナンシャルグループ,2026-06,OUT,15,85.92,87.8,True,True,1.89,2025-04,2441.0,4494.0,4494.0,84.1,,,,,,,,,,,,,,,,,,,,,,,,,,,,,2026-07,4437.0,81.77,12.94,31.52,1.1,3999.34,110.0,80.0,37.5,2.51,23.61,8.72,0.81,29.95,42.34,561.3,1335.1,,,,9.61,12384.93,10145.2,-11225.65,,9192.5,6942.07,,0.19,282.5,82.1,,,,2026-09-29,2027-03-30,tv_wilder_rsi14_sma5_v1,87.8,85.92,True,True,1.89
5929,5929.T,三和ホールディングス,2026-06,OUT,1,50.13,50.99,True,True,0.85,2026-06,3789.0,3789.0,3789.0,0.0,,,,,,,,,,,,,,,,,,,,,,,,,,,,,2026-07,3442.0,-9.16,13.39,16.39,2.27,1660.71,132.0,130.0,1.54,3.5,46.18,17.82,9.13,9.05,15.28,2.8,10.2,2.34,1.7,16.26,63.63,7872.82,7252.6,613.96,306.46,1250.85,570.74,946.49,0.57,208.94,100.0,,,,2026-09-29,2027-03-30,tv_wilder_rsi14_sma5_v1,50.99,50.13,True,True,0.85
5951,5951.T,ダイニチ工業,2026-06,OUT,1,72.96,77.23,True,True,4.28,2026-06,1197.0,1197.0,1197.0,0.0,,,,,,,,,,,,,,,,,,,,,,,,,,,,,2026-07,1052.0,-12.11,,,,,,,,,,,,,,,,,,,,,,,,,,,,,0,,,,,,tv_wilder_rsi14_sma5_v1,77.23,72.96,True,True,4.28
5985,5985.T,サンコール,2026-06,OUT,5,77.9,80.69,True,True,2.79,2026-02,1213.0,1713.0,1713.0,41.22,,,,,,,,,,,,,,,,,,,,,,,,,,,,,2026-07,1275.0,5.11,,,,,,,,,,,,,,,,,,,,,,,,,,,,,0,,,,,,tv_wilder_rsi14_sma5_v1,80.69,77.9,True,True,2.79
6013,6013.T,タクマ,2026-06,OUT,2,76.24,80.32,True,True,4.09,2026-05,3395.0,3620.0,3620.0,6.63,,,,,,,,,,,,,,,,,,,,,,,,,,,,,2026-07,3390.0,-0.15,17.99,26.7,2.16,1545.01,108.0,93.0,16.13,3.24,50.26,12.42,5.05,8.29,11.4,15.7,84.2,2.06,1.17,0.75,59.09,2415.67,2040.96,246.55,210.86,403.25,8.49,174.19,0.66,72.54,100.0,,,,2026-09-29,2027-03-30,tv_wilder_rsi14_sma5_v1,80.32,76.24,True,True,4.09
6031,6031.T,ＺＥＴＡ,2026-06,OUT,1,42.45,45.08,False,True,2.63,2026-06,288.0,288.0,288.0,0.0,,,,,,,,,,,,,,,,,,,,,,,,,,,,,2026-07,242.0,-15.97,,,,,,,,,,,,,,,,,,,,,,,,,,,,,0,,,,,,tv_wilder_rsi14_sma5_v1,45.08,42.45,True,False,2.63
6091,6091.T,ウエスコホールディングス,2026-06,OUT,1,67.3,69.05,False,True,1.75,2026-06,912.0,912.0,912.0,0.0,,,,,,,,,,,,,,,,,,,,,,,,,,,,,2026-07,869.0,-4.71,,,,,,,,,,,,,,,,,,,,,,,,,,,,,0,,,,,,tv_wilder_rsi14_sma5_v1,69.05,67.3,True,False,1.75
6101,6101.T,ツガミ,2026-06,OUT,2,82.23,88.78,True,True,6.55,2026-05,6320.0,8030.0,8030.0,27.06,,,,,,,,,,,,,,,,,,,,,,,,,,,,,2026-07,6010.0,-4.91,45.45,59.93,3.91,1719.38,98.0,85.0,15.29,1.46,57.34,25.52,15.19,12.97,24.68,7.6,56.7,3.08,2.27,8.8,52.0,3131.13,3065.22,286.02,174.85,421.8,93.74,363.77,1.3,46.52,100.0,,,,2026-09-29,2027-03-30,tv_wilder_rsi14_sma5_v1,88.78,82.23,True,True,6.55
6104,6104.T,芝浦機械,2026-06,OUT,1,55.88,58.52,False,True,2.63,2026-06,4500.0,4500.0,4500.0,0.0,,,,,,,,,,,,,,,,,,,,,,,,,,,,,2026-07,4125.0,-8.33,103.09,8.97,0.9,5012.9,140.0,140.0,0.0,3.11,321.77,0.87,1.46,0.77,6.21,14.2,,2.8,1.56,9.1,68.33,1064.12,743.13,-86.61,-93.33,428.9,107.92,76.61,0.33,23.65,96.4,,,,2026-09-29,2027-03-30,tv_wilder_rsi14_sma5_v1,58.52,55.88,True,False,2.63
6113,6113.T,アマダ,2026-06,OUT,3,72.29,72.89,True,False,0.59,2026-04,2629.0,2951.5,2951.5,12.27,,,,,,,,,,,,,,,,,,,,,,,,,,,,,2026-07,2787.0,6.01,27.86,21.47,1.6,1724.35,64.0,62.0,3.23,2.32,62.8,5.78,3.94,6.99,12.85,16.9,6.4,2.53,1.58,14.95,69.35,8543.18,7869.61,580.65,345.48,1536.26,808.0,676.51,0.77,310.32,100.0,,,,2026-09-29,2027-03-30,tv_wilder_rsi14_sma5_v1,72.89,72.29,False,True,0.59
6134,6134.T,ＦＵＪＩ,2026-06,OUT,2,77.58,80.7,True,True,3.12,2026-05,7938.0,8398.0,8398.0,5.79,,,,,,,,,,,,,,,,,,,,,,,,,,,,,2026-07,7330.0,-7.66,40.65,39.01,2.75,2642.55,190.0,90.0,111.11,2.61,50.34,6.98,7.0,8.71,19.56,57.7,,4.51,2.77,,83.46,6395.68,5861.36,91.81,-60.77,549.22,0.0,397.41,1.19,87.91,92.9,,,,2026-09-29,2027-03-30,tv_wilder_rsi14_sma5_v1,80.7,77.58,True,True,3.12
6135,6135.T,牧野フライス製作所,2026-06,OUT,3,77.1,85.58,True,True,8.48,2026-04,11900.0,15200.0,15200.0,27.73,,,,,,,,,,,,,,,,,,,,,,,,,,,,,2026-07,13920.0,16.97,16.08,26.26,1.29,11160.18,360.0,270.0,33.33,2.5,30.08,8.61,3.96,8.04,10.36,8.6,79.4,1.99,1.03,20.41,61.71,3373.08,3158.62,332.27,71.12,751.76,533.58,332.91,0.01,23.39,100.0,,,,2026-09-29,2027-03-30,tv_wilder_rsi14_sma5_v1,85.58,77.1,True,True,8.48
6143,6143.T,ソディック,2026-06,OUT,3,71.81,75.27,True,True,3.47,2026-04,1558.0,1927.0,1927.0,23.68,,,,,,,,,,,,,,,,,,,,,,,,,,,,,2026-07,1682.0,7.96,20.45,74.56,1.45,1172.11,29.0,10.0,190.0,1.7,34.79,13.65,5.07,8.29,14.15,45.8,80.2,2.41,1.54,75.59,58.14,850.32,847.87,,,370.14,417.02,125.1,1.28,49.93,92.9,,,,2026-12-29,2026-12-29,tv_wilder_rsi14_sma5_v1,75.27,71.81,True,True,3.47
6145,6145.T,ＮＩＴＴＯＫＵ,2026-06,OUT,2,57.7,61.22,True,False,3.52,2026-05,2961.0,2906.0,2906.0,-1.86,,,,,,,,,,,,,,,,,,,,,,,,,,,,,2026-07,2620.0,-11.52,,,,,,,,,,,,,,,,,,,,,,,,,,,,,0,,,,,,tv_wilder_rsi14_sma5_v1,61.22,57.7,False,True,3.52
6146,6146.T,ディスコ,2026-06,OUT,1,63.28,64.69,False,True,1.41,2026-06,81260.0,81260.0,81260.0,0.0,,,,,,,,,,,,,,,,,,,,,,,,,,,,,2026-07,58480.0,-28.03,52.08,47.6,11.95,5419.02,505.0,505.0,0.0,0.78,40.53,25.09,16.46,31.02,43.99,10.2,11.1,3.2,2.21,,79.06,70265.39,67423.3,1335.43,740.07,2845.75,0.0,1988.36,1.05,108.47,96.4,,,,2026-03-30,2026-03-30,tv_wilder_rsi14_sma5_v1,64.69,63.28,True,False,1.41
6176,6176.T,ブランジスタ,2026-06,OUT,5,60.02,60.55,True,False,0.53,2026-02,773.0,897.0,897.0,16.04,,,,,,,,,,,,,,,,,,,,,,,,,,,,,2026-07,907.0,17.34,,,,,,,,,,,,,,,,,,,,,,,,,,,,,0,,,,,,tv_wilder_rsi14_sma5_v1,60.55,60.02,False,True,0.53
6182,6182.T,メタリアル,2026-06,OUT,2,39.59,41.62,True,False,2.03,2026-05,576.0,527.0,527.0,-8.51,,,,,,,,,,,,,,,,,,,,,,,,,,,,,2026-07,445.0,-22.74,,,,,,,,,,,,,,,,,,,,,,,,,,,,,0,,,,,,tv_wilder_rsi14_sma5_v1,41.62,39.59,False,True,2.03
6197,6197.T,ソラスト,2026-06,OUT,12,79.45,79.76,True,True,0.3,2025-07,430.0,1110.0,1110.0,158.14,,,,,,,,,,,,,,,,,,,,,,,,,,,,,2026-07,1112.0,158.6,27.25,26.0,4.3,259.07,22.0,11.0,100.0,1.98,26.95,16.21,6.74,2.65,5.17,3.0,-73.9,1.34,1.23,77.22,35.43,1007.83,1066.87,68.18,60.94,122.12,181.16,104.45,0.39,90.55,100.0,,,,2026-03-30,2025-09-29,tv_wilder_rsi14_sma5_v1,79.76,79.45,True,True,0.3
6198,6198.T,キャリア,2026-06,OUT,1,30.09,31.31,True,True,1.23,2026-06,232.0,232.0,232.0,0.0,,,,,,,,,,,,,,,,,,,,,,,,,,,,,2026-07,212.0,-8.62,,,,,,,,,,,,,,,,,,,,,,,,,,,,,0,,,,,,tv_wilder_rsi14_sma5_v1,31.31,30.09,True,True,1.23
6224,6224.T,ＪＲＣ,2026-06,OUT,2,54.68,55.1,False,False,0.41,2026-05,1340.0,1331.0,1331.0,-0.67,,,,,,,,,,,,,,,,,,,,,,,,,,,,,2026-07,1146.0,-14.48,,,,,,,,,,,,,,,,,,,,,,,,,,,,,0,,,,,,tv_wilder_rsi14_sma5_v1,55.1,54.68,False,False,0.41
6230,6230.T,ＳＡＮＥＩ,2026-06,OUT,2,59.36,59.58,False,False,0.22,2026-05,2263.0,2225.0,2225.0,-1.68,,,,,,,,,,,,,,,,,,,,,,,,,,,,,2026-07,2114.0,-6.58,,,,,,,,,,,,,,,,,,,,,,,,,,,,,0,,,,,,tv_wilder_rsi14_sma5_v1,59.58,59.36,False,False,0.22
6254,6254.T,野村マイクロ・サイエンス,2026-06,OUT,3,59.0,65.78,True,True,6.78,2026-04,3655.0,4920.0,4920.0,34.61,,,,,,,,,,,,,,,,,,,,,,,,,,,,,2026-07,4010.0,9.71,39.06,16.39,3.7,1040.8,,,,2.21,82.3,9.94,3.67,6.79,13.33,-76.4,-88.3,1.47,0.23,132.96,36.13,1474.12,1902.66,43.63,-42.32,104.25,529.87,83.59,1.54,38.29,100.0,,,,2026-09-29,2027-03-30,tv_wilder_rsi14_sma5_v1,65.78,59.0,True,True,6.78
6264,6264.T,マルマエ,2026-06,OUT,3,72.68,80.03,True,True,7.34,2026-04,1910.0,2818.0,2818.0,47.54,,,,,,,,,,,,,,,,,,,,,,,,,,,,,2026-07,2019.0,5.71,32.05,18.3,3.57,541.17,,,,2.33,52.23,25.49,7.15,15.7,20.26,58.2,173.2,3.13,2.3,87.69,32.06,541.94,566.49,,,108.57,133.12,45.09,1.25,28.05,92.0,,,,2026-08-28,2026-08-28,tv_wilder_rsi14_sma5_v1,80.03,72.68,True,True,7.34
6265,6265.T,コンバム,2026-06,OUT,7,76.92,85.52,True,True,8.6,2025-12,2374.0,3840.0,3840.0,61.75,,,,,,,,,,,,,,,,,,,,,,,,,,,,,2026-07,3090.0,30.16,,,,,,,,,,,,,,,,,,,,,,,,,,,,,0,,,,,,tv_wilder_rsi14_sma5_v1,85.52,76.92,True,True,8.6
6278,6278.T,ユニオンツール,2026-06,OUT,3,75.09,79.03,True,True,3.94,2026-04,16650.0,22520.0,22520.0,35.26,,,,,,,,,,,,,,,,,,,,,,,,,,,,,2026-07,15620.0,-6.19,48.78,44.81,3.64,4733.77,,,,75.0,35.32,9.52,7.4,16.79,28.16,42.6,77.8,6.03,4.25,,90.7,3314.33,2861.57,,,142.24,0.0,134.38,0.98,19.21,88.0,,,,2026-12-29,2026-12-29,tv_wilder_rsi14_sma5_v1,79.03,75.09,True,True,3.94
6292,6292.T,カワタ,2026-06,OUT,3,47.36,47.79,True,False,0.43,2026-04,813.0,815.0,815.0,0.25,,,,,,,,,,,,,,,,,,,,,,,,,,,,,2026-07,805.0,-0.98,,,,,,,,,,,,,,,,,,,,,,,,,,,,,0,,,,,,tv_wilder_rsi14_sma5_v1,47.79,47.36,False,True,0.43
6298,6298.T,ワイエイシイホールディングス,2026-06,OUT,3,58.65,64.2,True,True,5.54,2026-04,1163.0,1392.0,1392.0,19.69,,,,,,,,,,,,,,,,,,,,,,,,,,,,,2026-07,1147.0,-1.38,15.95,6.47,1.21,955.88,,,,3.98,55.23,7.87,1.94,5.01,2.04,8.2,81.8,1.89,1.11,112.02,38.75,202.7,307.77,29.96,23.77,87.46,190.14,21.34,0.95,17.55,100.0,,,,2026-09-29,2027-03-30,tv_wilder_rsi14_sma5_v1,64.2,58.65,True,True,5.54
6315,6315.T,ＴＯＷＡ,2026-06,OUT,3,58.97,62.41,False,True,3.44,2026-04,2920.0,3340.0,3340.0,14.38,,,,,,,,,,,,,,,,,,,,,,,,,,,,,2026-07,2648.0,-9.32,45.66,14.45,2.97,941.13,,,,86.0,32.67,6.96,4.56,8.45,18.54,22.6,-33.8,2.44,1.62,25.73,66.45,2094.03,1991.43,41.2,-19.86,284.31,181.71,101.87,1.33,75.03,100.0,,,,2027-03-30,2027-03-30,tv_wilder_rsi14_sma5_v1,62.41,58.97,True,False,3.44
6323,6323.T,ローツェ,2026-06,OUT,3,67.19,73.98,True,True,6.79,2026-04,3670.0,4840.0,4840.0,31.88,,,,,,,,,,,,,,,,,,,,,,,,,,,,,2026-07,3989.0,8.69,40.32,32.03,5.59,787.89,,,,45.0,15.55,15.19,10.87,16.55,27.5,12.5,58.3,3.92,2.69,15.14,66.0,7636.2,7177.98,,,768.82,220.5,396.17,1.65,173.43,92.0,,,,2027-02-25,2027-02-25,tv_wilder_rsi14_sma5_v1,73.98,67.19,True,True,6.79
6324,6324.T,ハーモニック・ドライブ・システムズ,2026-06,OUT,3,61.0,69.2,True,False,8.2,2026-04,5220.0,7790.0,7790.0,49.23,,,,,,,,,,,,,,,,,,,,,,,,,,,,,2026-07,6140.0,17.62,384.66,85.48,7.62,849.19,,,,31.0,117.72,2.02,1.43,2.7,7.92,13.7,-78.0,4.16,3.01,22.47,72.16,6124.94,6088.77,64.25,4.87,216.81,180.64,99.28,1.06,94.67,100.0,,,,2026-09-29,2027-03-30,tv_wilder_rsi14_sma5_v1,69.2,61.0,False,True,8.2
6327,6327.T,北川精機,2026-06,OUT,17,86.98,95.69,True,True,8.71,2025-02,583.0,7900.0,7900.0,1255.06,,,,,,,,,,,,,,,,,,,,,,,,,,,,,2026-07,2846.0,388.16,,,,,,,,,,,,,,,,,,,,,,,,,,,,,0,,,,,,tv_wilder_rsi14_sma5_v1,95.69,86.98,True,True,8.71
6336,6336.T,石井表記,2026-06,OUT,3,72.92,83.81,True,True,10.88,2026-04,1172.0,1803.0,1803.0,53.84,,,,,,,,,,,,,,,,,,,,,,,,,,,,,2026-07,1567.0,33.7,,,,,,,,,,,,,,,,,,,,,,,,,,,,,0,,,,,,tv_wilder_rsi14_sma5_v1,83.81,72.92,True,True,10.88
6361,6361.T,荏原製作所,2026-06,OUT,1,70.61,72.82,False,True,2.21,2026-06,6256.0,6256.0,6256.0,0.0,,,,,,,,,,,,,,,,,,,,,,,,,,,,,2026-07,5558.0,-11.16,32.36,35.22,1.96,2747.56,,,,1.23,35.51,9.57,4.18,4.55,7.42,51.2,35.9,1.65,1.15,39.55,47.02,24558.23,5243.61,632.49,392.67,1408.86,1126.31,555.65,0.9,456.13,100.0,,,,2026-12-29,2026-12-29,tv_wilder_rsi14_sma5_v1,72.82,70.61,True,False,2.21
6370,6370.T,栗田工業,2026-06,OUT,3,66.54,68.34,False,True,1.8,2026-04,8429.0,9151.0,9151.0,8.57,,,,,,,,,,,,,,,,,,,,,,,,,,,,,2026-07,8742.0,3.71,23.7,25.55,2.75,3117.58,,,,1.56,30.95,11.79,6.56,3.96,14.51,,,2.29,1.91,28.8,60.44,9273.43,9780.52,555.92,64.67,621.7,990.5,936.14,0.95,108.14,92.0,,,,2026-09-29,2027-03-30,tv_wilder_rsi14_sma5_v1,68.34,66.54,True,False,1.8
6376,6376.T,日機装,2026-06,OUT,18,89.62,94.3,True,True,4.68,2025-01,1018.0,4050.0,4050.0,297.84,,,,,,,,,,,,,,,,,,,,,,,,,,,,,2026-07,3750.0,268.37,18.55,31.23,1.53,2503.23,,,,1.31,19.42,9.74,2.96,6.53,6.67,14.6,41.5,2.06,1.29,69.41,44.17,2493.1,3276.28,77.97,-67.42,386.13,1148.47,273.1,0.48,65.26,100.0,,,,2026-12-29,2026-12-29,tv_wilder_rsi14_sma5_v1,94.3,89.62,True,True,4.68
6380,6380.T,オリエンタルチエン工業,2026-06,OUT,3,71.72,72.31,True,False,0.59,2026-04,4070.0,4690.0,4690.0,15.23,,,,,,,,,,,,,,,,,,,,,,,,,,,,,2026-07,3655.0,-10.2,,,,,,,,,,,,,,,,,,,,,,,,,,,,,0,,,,,,tv_wilder_rsi14_sma5_v1,72.31,71.72,False,True,0.59
6384,6384.T,昭和真空,2026-06,OUT,1,69.81,70.61,True,True,0.8,2026-06,1839.0,1839.0,1839.0,0.0,,,,,,,,,,,,,,,,,,,,,,,,,,,,,2026-07,1622.0,-11.8,,,,,,,,,,,,,,,,,,,,,,,,,,,,,0,,,,,,tv_wilder_rsi14_sma5_v1,70.61,69.81,True,True,0.8
6387,6387.T,サムコ,2026-06,OUT,1,77.99,80.98,True,True,2.98,2026-06,13860.0,13860.0,13860.0,0.0,,,,,,,,,,,,,,,,,,,,,,,,,,,,,2026-07,8520.0,-38.53,46.3,47.21,5.48,1823.58,,,,75.0,27.79,15.32,9.34,20.01,29.54,33.3,145.3,3.1,2.37,7.11,76.32,802.43,717.88,,,95.04,10.41,29.02,0.69,8.03,92.0,,,,2026-07-30,2026-07-30,tv_wilder_rsi14_sma5_v1,80.98,77.99,True,True,2.98
6407,6407.T,ＣＫＤ,2026-06,OUT,3,70.5,74.85,True,True,4.35,2026-04,6040.0,7470.0,7470.0,23.68,,,,,,,,,,,,,,,,,,,,,,,,,,,,,2026-07,6000.0,-0.66,30.86,24.9,2.73,2297.25,,,,1.29,39.86,9.36,5.61,8.6,15.54,13.1,17.1,3.43,2.11,22.54,67.72,4197.24,4114.81,148.32,80.78,428.39,346.02,266.34,1.53,66.84,100.0,,,,2026-03-30,2026-03-30,tv_wilder_rsi14_sma5_v1,74.85,70.5,True,True,4.35
6474,6474.T,不二越,2026-06,OUT,2,69.54,72.11,False,True,2.57,2026-05,5800.0,5930.0,5930.0,2.24,,,,,,,,,,,,,,,,,,,,,,,,,,,,,2026-07,5480.0,-5.52,19.08,21.44,0.75,7833.28,,,,3.76,32.62,3.97,2.17,2.77,6.01,9.2,430.3,2.17,1.24,51.82,51.49,1275.08,1918.36,129.41,-52.95,334.33,941.04,296.54,0.64,21.8,100.0,,,,2026-11-27,2026-11-27,tv_wilder_rsi14_sma5_v1,72.11,69.54,True,False,2.57
6479,6479.T,ミネベアミツミ,2026-06,OUT,2,61.83,71.62,True,True,9.78,2026-05,4562.0,4756.0,4756.0,4.25,,,,,,,,,,,,,,,,,,,,,,,,,,,,,2026-07,3702.0,-18.85,15.5,17.79,1.71,2238.5,,,,1.57,20.28,11.92,3.89,5.95,7.07,15.3,214.1,1.71,0.97,56.76,46.91,15344.96,18361.22,948.5,-321.18,2275.22,5170.88,1761.69,1.0,401.6,100.0,,,,2026-09-29,2027-03-30,tv_wilder_rsi14_sma5_v1,71.62,61.83,True,True,9.78
6480,6480.T,日本トムソン,2026-06,OUT,2,76.79,81.97,True,False,5.17,2026-05,2282.0,2165.0,2165.0,-5.13,,,,,,,,,,,,,,,,,,,,,,,,,,,,,2026-07,1782.0,-21.91,30.03,26.87,1.47,1192.03,,,,1.82,50.52,5.12,2.08,6.46,10.02,23.3,13.1,3.52,1.87,36.71,66.3,1225.08,1281.06,94.79,37.68,250.02,305.4,73.21,1.06,69.77,100.0,,,,2026-09-29,2027-03-30,tv_wilder_rsi14_sma5_v1,81.97,76.79,False,True,5.17
6481,6481.T,ＴＨＫ,2026-06,OUT,3,70.83,73.03,True,False,2.2,2026-04,5873.0,7322.0,7322.0,24.67,,,,,,,,,,,,,,,,,,,,,,,,,,,,,2026-07,6700.0,14.08,74.63,34.34,2.98,2255.7,,,,2.74,273.79,5.19,2.76,-25.74,11.32,-18.7,1356.0,2.24,1.24,55.4,55.25,7529.12,7970.5,389.65,199.89,955.21,1400.0,463.6,0.77,112.07,100.0,,,,2026-12-29,2026-12-29,tv_wilder_rsi14_sma5_v1,73.03,70.83,False,True,2.2
6490,6490.T,ＰＩＬＬＡＲ,2026-06,OUT,3,74.24,77.73,True,True,3.49,2026-04,9120.0,10770.0,10770.0,18.09,,,,,,,,,,,,,,,,,,,,,,,,,,,,,2026-07,9490.0,4.06,24.15,19.18,2.7,3473.89,,,,1.71,33.49,11.67,7.43,15.03,20.8,4.8,12.6,4.28,3.35,14.83,75.19,2144.4,2006.89,151.26,69.06,255.31,117.81,159.79,1.31,22.86,100.0,,,,2026-03-30,2026-03-30,tv_wilder_rsi14_sma5_v1,77.73,74.24,True,True,3.49
6492,6492.T,岡野バルブ製造,2026-06,OUT,5,72.88,76.0,True,True,3.12,2026-02,9860.0,17170.0,17170.0,74.14,,,,,,,,,,,,,,,,,,,,,,,,,,,,,2026-07,12840.0,30.22,,,,,,,,,,,,,,,,,,,,,,,,,,,,,0,,,,,,tv_wilder_rsi14_sma5_v1,76.0,72.88,True,True,3.12
6498,6498.T,キッツ,2026-06,OUT,1,73.19,76.43,False,True,3.24,2026-06,2525.0,2525.0,2525.0,0.0,,,,,,,,,,,,,,,,,,,,,,,,,,,,,2026-07,2200.0,-12.87,16.61,16.75,2.64,828.76,,,,2.74,40.2,4.8,2.63,3.03,3.6,-10.8,-69.1,3.5,2.48,64.21,64.1,1904.53,2118.29,169.76,124.33,337.2,482.66,126.9,0.59,86.92,100.0,,,,2026-12-29,2026-12-29,tv_wilder_rsi14_sma5_v1,76.43,73.19,True,False,3.24
6506,6506.T,安川電機,2026-06,OUT,3,58.67,63.87,True,False,5.2,2026-04,5520.0,7027.0,7027.0,27.3,,,,,,,,,,,,,,,,,,,,,,,,,,,,,2026-07,4867.0,-11.83,37.74,24.97,2.74,1870.15,,,,1.41,50.11,7.51,3.6,6.07,6.11,10.6,-21.7,2.25,1.11,24.48,59.52,13269.26,14004.47,581.54,12.98,576.19,1211.61,674.4,1.27,259.37,100.0,,,,2026-08-28,2027-02-25,tv_wilder_rsi14_sma5_v1,63.87,58.67,False,True,5.2
6507,6507.T,シンフォニアテクノロジー,2026-06,OUT,1,68.81,71.33,True,True,2.52,2026-06,15930.0,15930.0,15930.0,0.0,,,,,,,,,,,,,,,,,,,,,,,,,,,,,2026-07,13330.0,-16.32,26.32,37.42,3.86,3505.35,,,,1.19,30.16,16.2,7.82,11.31,19.96,13.4,38.6,1.98,1.34,12.73,62.31,3820.41,3830.1,129.09,67.66,116.19,125.88,217.09,1.33,28.22,100.0,,,,2027-03-30,2027-03-30,tv_wilder_rsi14_sma5_v1,71.33,68.81,True,True,2.52
6508,6508.T,明電舎,2026-06,OUT,5,77.88,78.82,True,False,0.93,2026-02,7820.0,9770.0,9770.0,24.94,,,,,,,,,,,,,,,,,,,,,,,,,,,,,2026-07,9620.0,23.02,16.26,28.02,2.2,3855.22,,,,1.85,30.15,14.97,4.74,7.24,16.38,11.2,11.4,1.9,1.27,24.87,46.8,3842.33,4004.53,174.98,-49.68,318.26,444.04,389.58,0.38,45.36,100.0,,,,2026-03-30,2026-03-30,tv_wilder_rsi14_sma5_v1,78.82,77.88,False,True,0.93
6513,6513.T,オリジン,2026-06,OUT,1,43.37,44.55,True,True,1.18,2026-06,1090.0,1090.0,1090.0,0.0,,,,,,,,,,,,,,,,,,,,,,,,,,,,,2026-07,1055.0,-3.21,,,,,,,,,,,,,,,,,,,,,,,,,,,,,0,,,,,,tv_wilder_rsi14_sma5_v1,44.55,43.37,True,True,1.18
6525,6525.T,ＫＯＫＵＳＡＩ　ＥＬＥＣＴＲＩＣ,2026-06,OUT,2,66.13,75.04,True,True,8.91,2026-05,8211.0,10855.0,10855.0,32.2,,,,,,,,,,,,,,,,,,,,,,,,,,,,,2026-07,7422.0,-9.61,68.5,46.02,9.37,938.98,,,,55.0,28.79,14.49,7.44,12.8,14.84,-3.5,-27.2,2.05,1.04,22.74,60.97,20555.37,20485.21,488.01,289.51,565.43,498.65,560.0,2.2,233.56,100.0,,,,2026-09-29,2027-03-30,tv_wilder_rsi14_sma5_v1,75.04,66.13,True,True,8.91
6526,6526.T,ソシオネクスト,2026-06,OUT,2,47.88,52.12,True,False,4.24,2026-05,2635.0,2551.5,2551.5,-3.17,,,,,,,,,,,,,,,,,,,,,,,,,,,,,2026-07,1912.5,-27.42,45.87,15.86,2.99,759.11,,,,2.21,101.13,6.47,4.57,4.35,8.77,35.6,28.2,3.78,2.64,,79.38,3972.05,3526.64,76.93,-218.6,445.41,0.0,292.56,0.61,175.29,96.0,,,,2026-09-29,2027-03-30,tv_wilder_rsi14_sma5_v1,52.12,47.88,False,True,4.24
6535,6535.T,アイモバイル,2026-06,OUT,1,48.46,49.71,True,True,1.24,2026-06,518.0,518.0,518.0,0.0,,,,,,,,,,,,,,,,,,,,,,,,,,,,,2026-07,482.0,-6.95,12.21,9.81,1.72,305.64,,,,5.12,60.21,14.44,6.96,11.27,21.03,5.7,22.7,1.69,1.64,,63.83,290.3,59.27,,,236.35,0.0,37.55,0.39,55.09,88.0,,,,2026-07-30,2026-07-30,tv_wilder_rsi14_sma5_v1,49.71,48.46,True,True,1.24
6544,6544.T,ジャパンエレベーターサービスホールディングス,2026-06,OUT,2,53.74,56.21,True,False,2.46,2026-05,1754.5,1739.0,1739.0,-0.88,,,,,,,,,,,,,,,,,,,,,,,,,,,,,2026-07,1693.0,-3.51,41.32,21.26,12.32,137.54,,,,1.24,51.28,32.52,18.2,12.71,19.49,16.1,40.6,1.62,0.99,11.93,61.27,3030.05,3022.21,88.01,60.46,41.71,29.81,128.74,0.42,178.76,100.0,,,,2026-03-30,2026-03-30,tv_wilder_rsi14_sma5_v1,56.21,53.74,False,True,2.46
6552,6552.T,ＧａｍｅＷｉｔｈ,2026-06,OUT,3,38.42,39.07,True,False,0.65,2026-04,206.0,180.0,180.0,-12.62,,,,,,,,,,,,,,,,,,,,,,,,,,,,,2026-07,169.0,-17.96,,,,,,,,,,,,,,,,,,,,,,,,,,,,,0,,,,,,tv_wilder_rsi14_sma5_v1,39.07,38.42,False,True,0.65
6584,6584.T,三櫻工業,2026-06,OUT,2,51.33,57.26,True,True,5.93,2026-05,899.0,944.0,944.0,5.01,,,,,,,,,,,,,,,,,,,,,,,,,,,,,2026-07,813.0,-9.57,18.91,5.76,0.6,1340.55,,,,3.48,65.77,4.32,1.97,0.96,1.0,6.7,,1.57,0.84,110.1,33.82,288.26,654.91,14.78,-89.9,245.19,572.19,110.51,0.53,35.81,96.0,,,,2026-09-29,2027-03-30,tv_wilder_rsi14_sma5_v1,57.26,51.33,True,True,5.93
6597,6597.T,ＨＰＣシステムズ,2026-06,OUT,3,62.4,67.63,True,False,5.24,2026-04,2575.0,4210.0,4210.0,63.5,,,,,,,,,,,,,,,,,,,,,,,,,,,,,2026-07,3160.0,22.72,,,,,,,,,,,,,,,,,,,,,,,,,,,,,0,,,,,,tv_wilder_rsi14_sma5_v1,67.63,62.4,False,True,5.24
6613,6613.T,ＱＤレーザ,2026-06,OUT,6,82.38,91.59,True,True,9.21,2026-01,454.0,2802.0,2802.0,517.18,,,,,,,,,,,,,,,,,,,,,,,,,,,,,2026-07,1537.0,238.55,,,,,,,,,,,,,,,,,,,,,,,,,,,,,0,,,,,,tv_wilder_rsi14_sma5_v1,91.59,82.38,True,True,9.21
6616,6616.T,トレックス・セミコンダクター,2026-06,OUT,5,59.09,64.86,True,False,5.78,2026-02,1758.0,2579.0,2579.0,46.7,,,,,,,,,,,,,,,,,,,,,,,,,,,,,2026-07,1793.0,1.99,16.5,19.87,1.02,1771.2,,,,3.1,51.2,6.41,1.95,4.62,5.69,21.1,,2.71,1.83,69.48,52.41,191.29,225.36,31.27,1.12,96.29,130.35,30.56,0.88,10.59,96.0,,,,2026-09-29,2027-03-30,tv_wilder_rsi14_sma5_v1,64.86,59.09,False,True,5.78
6622,6622.T,ダイヘン,2026-06,OUT,3,69.94,73.49,True,True,3.55,2026-04,15380.0,18050.0,18050.0,17.36,,,,,,,,,,,,,,,,,,,,,,,,,,,,,2026-07,13790.0,-10.34,23.75,21.2,2.15,6524.77,,,,1.5,30.44,9.66,3.85,5.93,8.48,5.3,11.6,2.06,0.91,49.8,48.11,3314.4,3990.34,49.44,-107.76,341.6,850.4,257.23,1.14,23.61,100.0,,,,2026-09-29,2027-03-30,tv_wilder_rsi14_sma5_v1,73.49,69.94,True,True,3.55
6627,6627.T,テラプローブ,2026-06,OUT,2,74.58,78.81,True,True,4.24,2026-05,11360.0,13440.0,13440.0,18.31,,,,,,,,,,,,,,,,,,,,,,,,,,,,,2026-07,10250.0,-9.77,,,,,,,,,,,,,,,,,,,,,,,,,,,,,0,,,,,,tv_wilder_rsi14_sma5_v1,78.81,74.58,True,True,4.24
6645,6645.T,オムロン,2026-06,OUT,5,53.25,55.78,True,True,2.53,2026-02,5552.0,5800.0,5800.0,4.47,,,,,,,,,,,,,,,,,,,,,,,,,,,,,2026-07,5430.0,-2.2,30.58,19.59,1.25,4251.07,,,,1.96,59.84,3.82,2.6,3.71,7.81,,,1.83,0.91,24.11,55.13,10439.05,12832.5,609.19,-651.66,1665.41,2412.09,937.13,1.14,196.63,92.0,,,,2026-03-30,2026-03-30,tv_wilder_rsi14_sma5_v1,55.78,53.25,True,True,2.53
6659,6659.T,メディアリンクス,2026-06,OUT,2,43.92,48.22,True,False,4.3,2026-05,78.0,65.0,65.0,-16.67,,,,,,,,,,,,,,,,,,,,,,,,,,,,,2026-07,44.0,-43.59,,,,,,,,,,,,,,,,,,,,,,,,,,,,,0,,,,,,tv_wilder_rsi14_sma5_v1,48.22,43.92,False,True,4.3
6668,6668.T,アドテック　プラズマ　テクノロジー,2026-06,OUT,6,66.67,77.8,True,True,11.12,2026-01,1607.0,4000.0,4000.0,148.91,,,,,,,,,,,,,,,,,,,,,,,,,,,,,2026-07,2871.0,78.66,,,,,,,,,,,,,,,,,,,,,,,,,,,,,0,,,,,,tv_wilder_rsi14_sma5_v1,77.8,66.67,True,True,11.12
6674,6674.T,ジーエス・ユアサ　コーポレーション,2026-06,OUT,5,75.51,76.27,True,False,0.76,2026-02,5560.0,6466.0,6466.0,16.29,,,,,,,,,,,,,,,,,,,,,,,,,,,,,2026-07,5482.0,-1.4,17.76,19.67,1.42,3934.06,,,,1.76,27.09,11.38,5.24,6.87,12.61,14.6,64.6,1.71,0.84,23.05,50.03,5589.79,6740.15,495.43,-22.29,367.47,1023.49,872.86,0.68,100.32,100.0,,,,2026-09-29,2027-03-30,tv_wilder_rsi14_sma5_v1,76.27,75.51,False,True,0.76
6707,6707.T,サンケン電気,2026-06,OUT,6,57.28,65.43,True,True,8.16,2026-01,7327.0,11375.0,11375.0,55.25,,,,,,,,,,,,,,,,,,,,,,,,,,,,,2026-07,8340.0,13.83,,2.79,1.51,6000.95,,,,,0.0,-7.31,-1.19,-12.22,-14.19,-17.7,,1.63,0.81,67.14,50.1,1807.36,2264.34,-88.98,46.16,348.4,805.38,6.35,1.34,19.99,88.0,,,,2024-03-28,2023-09-28,tv_wilder_rsi14_sma5_v1,65.43,57.28,True,True,8.16
6723,6723.T,ルネサスエレクトロニクス,2026-06,OUT,3,64.9,73.48,True,True,8.59,2026-04,3212.0,4807.0,4807.0,49.66,,,,,,,,,,,,,,,,,,,,,,,,,,,,,2026-07,3442.0,7.16,,14.13,2.73,1400.42,,,,73.0,30.81,-0.39,4.35,-0.69,24.34,23.2,158.5,1.23,0.86,47.32,58.49,69342.35,78370.23,4418.99,2051.7,3079.07,12050.49,3702.6,1.29,1814.29,96.0,,,,2025-12-29,2025-12-29,tv_wilder_rsi14_sma5_v1,73.48,64.9,True,True,8.59
6728,6728.T,アルバック,2026-06,OUT,1,62.49,63.41,True,True,0.92,2026-06,10345.0,10345.0,10345.0,0.0,,,,,,,,,,,,,,,,,,,,,,,,,,,,,2026-07,8648.0,-16.4,37.45,14.49,2.03,4669.67,,,,1.6,64.73,6.09,3.31,4.98,9.25,28.2,8.2,2.48,1.68,18.79,59.58,4671.02,4200.24,229.25,114.54,989.84,445.22,312.53,1.38,49.17,100.0,,,,2026-06-29,2026-06-29,tv_wilder_rsi14_sma5_v1,63.41,62.49,True,True,0.92
6752,6752.T,パナソニック　ホールディングス,2026-06,OUT,10,82.76,90.16,True,True,7.4,2025-09,1610.0,4502.0,4502.0,179.63,,,,,,,,,,,,,,,,,,,,,,,,,,,,,2026-07,4284.0,166.09,49.26,23.65,1.79,2232.09,,,,1.35,49.28,4.07,2.92,2.35,14.48,5.4,-17.4,1.29,0.72,29.79,51.23,93233.56,103267.38,6242.89,-1328.61,7701.79,16031.97,7372.73,0.85,2334.93,100.0,,,,2026-09-29,2027-03-30,tv_wilder_rsi14_sma5_v1,90.16,82.76,True,True,7.4
6754,6754.T,アンリツ,2026-06,OUT,3,77.21,78.88,True,False,1.67,2026-04,4039.0,4396.0,4396.0,8.84,,,,,,,,,,,,,,,,,,,,,,,,,,,,,2026-07,3564.0,-11.76,40.0,52.41,3.52,1036.92,,,,1.37,50.44,9.09,5.38,9.94,16.3,13.2,25.4,3.36,2.42,3.06,76.6,4676.82,4224.31,178.81,94.63,493.14,40.63,203.58,0.64,127.99,100.0,,,,2026-09-29,2027-03-30,tv_wilder_rsi14_sma5_v1,78.88,77.21,False,True,1.67
6762,6762.T,ＴＤＫ,2026-06,OUT,3,63.62,65.62,True,False,2.0,2026-04,2890.5,3570.0,3570.0,23.51,,,,,,,,,,,,,,,,,,,,,,,,,,,,,2026-07,3008.0,4.07,28.82,27.77,2.58,1152.3,,,,1.35,34.96,9.92,4.16,7.81,5.28,21.0,129.9,1.56,1.04,27.95,49.54,56337.21,54232.28,5076.72,411.01,8427.75,6159.71,4690.4,0.71,1898.15,100.0,,,,2026-09-29,2027-03-30,tv_wilder_rsi14_sma5_v1,65.62,63.62,False,True,2.0
6768,6768.T,タムラ製作所,2026-06,OUT,3,63.25,63.59,True,False,0.34,2026-04,837.0,937.0,937.0,11.95,,,,,,,,,,,,,,,,,,,,,,,,,,,,,2026-07,810.0,-3.23,,21.17,1.1,789.45,,,,1.84,37.97,-2.22,2.57,-1.12,4.42,7.5,,1.69,1.04,61.18,47.45,692.32,888.35,28.51,-23.62,189.53,384.82,96.83,1.09,79.58,92.0,,,,2026-09-29,2027-03-30,tv_wilder_rsi14_sma5_v1,63.59,63.25,False,True,0.34
6769,6769.T,ザインエレクトロニクス,2026-06,OUT,6,55.32,57.01,True,False,1.69,2026-01,814.0,1110.0,1110.0,36.36,,,,,,,,,,,,,,,,,,,,,,,,,,,,,2026-07,1000.0,22.85,,,,,,,,,,,,,,,,,,,,,,,,,,,,,0,,,,,,tv_wilder_rsi14_sma5_v1,57.01,55.32,False,True,1.69
6778,6778.T,アルチザネットワークス,2026-06,OUT,6,47.81,52.41,True,True,4.6,2026-01,593.0,680.0,680.0,14.67,,,,,,,,,,,,,,,,,,,,,,,,,,,,,2026-07,601.0,1.35,,,,,,,,,,,,,,,,,,,,,,,,,,,,,0,,,,,,tv_wilder_rsi14_sma5_v1,52.41,47.81,True,True,4.6
6779,6779.T,日本電波工業,2026-06,OUT,12,69.75,82.93,True,True,13.18,2025-07,845.0,3425.0,3425.0,305.33,,,,,,,,,,,,,,,,,,,,,,,,,,,,,2026-07,2566.0,203.67,30.3,15.67,1.95,1392.08,,,,1.1,33.43,6.76,2.81,3.78,7.7,10.2,,3.15,2.09,92.54,41.82,623.4,802.72,42.01,-46.54,116.05,295.37,72.38,0.37,22.93,96.0,,,,2026-09-29,2027-03-30,tv_wilder_rsi14_sma5_v1,82.93,69.75,True,True,13.18
6800,6800.T,ヨコオ,2026-06,OUT,13,76.44,83.76,True,True,7.32,2025-06,1351.0,6110.0,6110.0,352.26,,,,,,,,,,,,,,,,,,,,,,,,,,,,,2026-07,4035.0,198.67,25.77,23.83,1.66,2583.64,,,,1.49,33.59,6.94,3.79,4.31,7.29,14.1,,2.8,1.86,19.32,67.4,1002.35,938.29,43.19,-6.26,181.74,116.55,91.76,1.28,23.31,96.0,,,,2026-09-29,2027-03-30,tv_wilder_rsi14_sma5_v1,83.76,76.44,True,True,7.32
6817,6817.T,スミダコーポレーション,2026-06,OUT,3,58.6,59.24,True,False,0.64,2026-04,1346.0,1369.0,1369.0,1.71,,,,,,,,,,,,,,,,,,,,,,,,,,,,,2026-07,1292.0,-4.01,11.81,8.65,0.68,1896.05,,,,4.11,48.54,6.12,3.33,2.5,3.94,8.6,23.8,1.19,0.6,105.59,37.89,426.64,1048.97,168.6,48.66,65.27,675.48,204.12,0.96,33.1,100.0,,,,2026-12-29,2026-12-29,tv_wilder_rsi14_sma5_v1,59.24,58.6,False,True,0.64
6823,6823.T,リオン,2026-06,OUT,3,64.36,71.68,True,True,7.32,2026-04,3385.0,3880.0,3880.0,14.62,,,,,,,,,,,,,,,,,,,,,,,,,,,,,2026-07,3330.0,-1.62,14.81,12.83,1.22,2822.47,,,,2.62,36.61,10.1,6.74,11.74,16.32,7.6,49.9,5.43,3.62,,80.33,424.16,338.54,41.65,26.54,85.62,0.0,57.65,0.64,12.33,96.0,,,,2026-09-29,2027-03-30,tv_wilder_rsi14_sma5_v1,71.68,64.36,True,True,7.32
6844,6844.T,新電元工業,2026-06,OUT,1,57.69,58.75,False,True,1.06,2026-06,3770.0,3770.0,3770.0,0.0,,,,,,,,,,,,,,,,,,,,,,,,,,,,,2026-07,3415.0,-9.42,6.11,18.71,0.47,7127.02,,,,2.98,18.21,8.15,1.71,4.97,2.43,6.4,,2.84,1.43,61.13,50.16,341.57,515.9,63.18,-12.46,269.22,443.55,94.32,0.77,10.18,96.0,,,,2027-03-30,2027-03-30,tv_wilder_rsi14_sma5_v1,58.75,57.69,True,False,1.06
6856,6856.T,堀場製作所,2026-06,OUT,2,75.92,79.62,True,True,3.71,2026-05,26265.0,27410.0,27410.0,4.36,,,,,,,,,,,,,,,,,,,,,,,,,,,,,2026-07,25675.0,-2.25,28.99,26.4,3.11,8206.21,,,,1.18,32.98,11.58,6.84,10.88,14.77,17.6,6.6,2.94,2.0,18.27,67.26,10710.89,9807.71,,,1529.23,629.69,677.65,1.12,42.01,92.0,,,,2026-12-29,2026-12-29,tv_wilder_rsi14_sma5_v1,79.62,75.92,True,True,3.71
6864,6864.T,エヌエフホールディングス,2026-06,OUT,5,59.97,61.25,True,False,1.28,2026-02,1483.0,1768.0,1768.0,19.22,,,,,,,,,,,,,,,,,,,,,,,,,,,,,2026-07,1454.0,-1.96,,,,,,,,,,,,,,,,,,,,,,,,,,,,,0,,,,,,tv_wilder_rsi14_sma5_v1,61.25,59.97,False,True,1.28
6866,6866.T,日置電機,2026-06,OUT,11,67.63,75.79,True,False,8.15,2025-08,6070.0,12180.0,12180.0,100.66,,,,,,,,,,,,,,,,,,,,,,,,,,,,,2026-07,11210.0,84.68,26.88,22.19,3.35,3233.33,,,,2.21,49.61,,,15.85,21.56,31.1,109.6,4.64,3.37,,85.36,1453.15,1271.85,101.66,,181.3,0.0,106.99,0.88,13.41,84.0,,,,2026-12-29,2026-12-29,tv_wilder_rsi14_sma5_v1,75.79,67.63,False,True,8.15
6870,6870.T,日本フェンオール,2026-06,OUT,10,83.49,91.86,True,True,8.37,2025-09,1739.0,2849.0,2849.0,63.83,,,,,,,,,,,,,,,,,,,,,,,,,,,,,2026-07,2634.0,51.47,,,,,,,,,,,,,,,,,,,,,,,,,,,,,0,,,,,,tv_wilder_rsi14_sma5_v1,91.86,83.49,True,True,8.37
6871,6871.T,日本マイクロニクス,2026-06,OUT,3,68.1,72.51,True,True,4.4,2026-04,12960.0,16640.0,16640.0,28.4,,,,,,,,,,,,,,,,,,,,,,,,,,,,,2026-07,13580.0,4.78,44.84,63.79,7.32,1908.62,,,,68.0,30.49,24.23,12.41,19.2,19.59,25.8,100.9,1.72,1.09,4.98,66.7,5415.36,5294.4,,,133.97,13.01,254.88,1.66,38.76,92.0,,,,2025-12-29,2025-12-29,tv_wilder_rsi14_sma5_v1,72.51,68.1,True,True,4.4
6882,6882.T,三社電機製作所,2026-06,OUT,3,55.85,58.58,True,False,2.73,2026-04,1038.0,1261.0,1261.0,21.48,,,,,,,,,,,,,,,,,,,,,,,,,,,,,2026-07,1114.0,7.32,,,,,,,,,,,,,,,,,,,,,,,,,,,,,0,,,,,,tv_wilder_rsi14_sma5_v1,58.58,55.85,False,True,2.73
6890,6890.T,フェローテック,2026-06,OUT,14,83.58,88.5,True,True,4.92,2025-05,2657.0,9530.0,9530.0,258.68,,,,,,,,,,,,,,,,,,,,,,,,,,,,,2026-07,8300.0,212.38,,,,,,,,,,,,,,,,,,,,,,,,,,,,,0,,,,,,tv_wilder_rsi14_sma5_v1,88.5,83.58,True,True,4.92
6905,6905.T,コーセル,2026-06,OUT,3,57.7,61.15,True,False,3.45,2026-04,1270.0,1503.0,1503.0,18.35,,,,,,,,,,,,,,,,,,,,,,,,,,,,,2026-07,1248.0,-1.73,,12.82,0.99,1268.07,,,,4.77,239.89,-6.31,-0.72,-13.6,2.64,,,11.28,9.07,0.43,93.06,517.88,217.44,30.35,20.64,302.7,2.26,8.0,0.68,41.13,88.0,,,,2026-11-19,2027-05-19,tv_wilder_rsi14_sma5_v1,61.15,57.7,False,True,3.45
6914,6914.T,オプテックスグループ,2026-06,OUT,2,69.9,74.15,True,False,4.25,2026-05,4260.0,4175.0,4175.0,-2.0,,,,,,,,,,,,,,,,,,,,,,,,,,,,,2026-07,3475.0,-18.43,19.12,20.57,2.18,1612.86,,,,1.85,30.49,13.08,7.75,10.21,16.3,21.3,25.9,3.91,2.38,9.97,72.94,1250.8,1074.55,,,233.83,57.33,114.0,0.65,35.64,92.0,,,,2026-12-29,2026-12-29,tv_wilder_rsi14_sma5_v1,74.15,69.9,False,True,4.25
6920,6920.T,レーザーテック,2026-06,OUT,3,65.42,71.22,True,True,5.79,2026-04,42690.0,49700.0,49700.0,16.42,,,,,,,,,,,,,,,,,,,,,,,,,,,,,2026-07,37910.0,-11.2,43.29,38.35,16.65,2515.75,,,,79.0,35.81,44.08,24.94,35.2,36.82,3.5,18.9,3.25,1.17,,63.68,37546.29,36746.02,701.94,553.63,800.27,0.0,1265.49,1.71,89.63,96.0,,,,2026-06-29,2026-06-29,tv_wilder_rsi14_sma5_v1,71.22,65.42,True,True,5.79
6925,6925.T,ウシオ電機,2026-06,OUT,2,73.75,80.49,True,True,6.74,2026-05,4156.0,4488.0,4488.0,7.99,,,,,,,,,,,,,,,,,,,,,,,,,,,,,2026-07,3786.0,-8.9,40.32,35.22,1.54,2484.72,,,,1.83,73.78,4.01,2.38,4.46,8.08,5.5,323.8,2.71,1.52,37.62,59.9,3034.27,3000.65,181.44,-0.17,779.8,746.07,207.19,0.79,79.35,100.0,,,,2027-03-30,2027-03-30,tv_wilder_rsi14_sma5_v1,80.49,73.75,True,True,6.74
6926,6926.T,岡谷電機産業,2026-06,OUT,3,39.62,39.79,True,False,0.17,2026-04,193.0,187.0,187.0,-3.11,,,,,,,,,,,,,,,,,,,,,,,,,,,,,2026-07,187.0,-3.11,,,,,,,,,,,,,,,,,,,,,,,,,,,,,0,,,,,,tv_wilder_rsi14_sma5_v1,39.79,39.62,False,True,0.17
6952,6952.T,カシオ計算機,2026-06,OUT,3,65.83,72.45,True,True,6.62,2026-04,1586.0,1918.5,1918.5,20.96,,,,,,,,,,,,,,,,,,,,,,,,,,,,,2026-07,1764.5,11.25,22.47,34.09,1.72,1045.9,,,,2.5,56.21,8.02,4.22,6.6,7.2,3.5,-25.5,3.09,2.24,20.65,66.91,3984.34,3025.38,301.53,78.33,1506.69,485.76,332.87,0.3,221.41,100.0,,,,2026-03-30,2026-03-30,tv_wilder_rsi14_sma5_v1,72.45,65.83,True,True,6.62
6955,6955.T,ＦＤＫ,2026-06,OUT,1,45.01,48.71,True,True,3.7,2026-06,493.0,493.0,493.0,0.0,,,,,,,,,,,,,,,,,,,,,,,,,,,,,2026-07,390.0,-20.89,,,,,,,,,,,,,,,,,,,,,,,,,,,,,0,,,,,,tv_wilder_rsi14_sma5_v1,48.71,45.01,True,True,3.7
6962,6962.T,大真空,2026-06,OUT,3,57.52,60.38,True,False,2.86,2026-04,732.0,880.0,880.0,20.22,,,,,,,,,,,,,,,,,,,,,,,,,,,,,2026-07,731.0,-0.14,55.85,15.92,0.6,1226.89,,,,3.78,211.96,1.33,0.75,1.06,6.08,10.3,17.6,1.62,0.81,77.19,39.49,235.35,531.27,-17.79,-27.89,163.46,370.1,54.18,0.44,31.8,100.0,,,,2026-09-29,2027-03-30,tv_wilder_rsi14_sma5_v1,60.38,57.52,False,True,2.86
6963,6963.T,ローム,2026-06,OUT,6,73.21,81.88,True,False,8.67,2026-01,2694.0,5384.0,5384.0,99.85,,,,,,,,,,,,,,,,,,,,,,,,,,,,,2026-07,4331.0,60.76,,52.15,2.31,1963.46,,,,1.1,221.83,-19.22,0.5,-32.93,1.04,7.5,,3.79,2.63,52.73,59.05,17491.25,17155.82,894.48,-730.02,4341.93,4000.0,678.92,0.77,386.04,92.0,,,,2026-03-30,2026-03-30,tv_wilder_rsi14_sma5_v1,81.88,73.21,False,True,8.67
6965,6965.T,浜松ホトニクス,2026-06,OUT,7,54.09,60.03,True,False,5.94,2025-12,1661.0,2671.0,2671.0,60.81,,,,,,,,,,,,,,,,,,,,,,,,,,,,,2026-07,2323.0,39.86,50.5,27.29,2.09,1103.68,,,,1.65,83.21,4.27,2.09,6.2,12.58,7.9,14.5,1.96,1.25,29.85,70.66,6654.86,6600.49,339.82,133.24,1081.57,963.82,381.68,0.78,289.09,100.0,,,,2026-09-29,2026-09-29,tv_wilder_rsi14_sma5_v1,60.03,54.09,False,True,5.94
6976,6976.T,太陽誘電,2026-06,OUT,3,69.62,86.75,True,True,17.14,2026-04,6392.0,20150.0,20150.0,215.24,,,,,,,,,,,,,,,,,,,,,,,,,,,,,2026-07,10225.0,59.97,103.09,58.92,4.01,2754.18,,,,82.0,83.68,4.46,2.05,4.17,3.68,2.9,,3.4,1.98,49.71,55.95,13809.96,14521.34,581.17,6.0,1000.72,1712.12,686.2,1.64,125.15,96.0,,,,2026-09-29,2027-03-30,tv_wilder_rsi14_sma5_v1,86.75,69.62,True,True,17.14
6977,6977.T,日本抵抗器製作所,2026-06,OUT,2,69.54,89.7,True,True,20.15,2026-05,1390.0,1938.0,1938.0,39.42,,,,,,,,,,,,,,,,,,,,,,,,,,,,,2026-07,1517.0,9.14,,,,,,,,,,,,,,,,,,,,,,,,,,,,,0,,,,,,tv_wilder_rsi14_sma5_v1,89.7,69.54,True,True,20.15
6981,6981.T,村田製作所,2026-06,OUT,3,75.11,88.18,True,True,13.08,2026-04,5156.0,11395.0,11395.0,121.0,,,,,,,,,,,,,,,,,,,,,,,,,,,,,2026-07,7416.0,43.83,59.88,32.17,5.11,1493.58,,,,92.0,50.92,8.83,6.49,12.78,26.14,11.8,141.2,5.0,3.1,2.05,84.98,138924.48,132935.93,4252.22,1109.12,6537.01,557.68,5016.14,1.25,1820.29,100.0,,,,2026-09-29,2027-03-30,tv_wilder_rsi14_sma5_v1,88.18,75.11,True,True,13.08
6994,6994.T,指月電機製作所,2026-06,OUT,2,76.74,78.53,False,True,1.8,2026-05,1315.0,1326.0,1326.0,0.84,,,,,,,,,,,,,,,,,,,,,,,,,,,,,2026-07,1035.0,-21.29,,,,,,,,,,,,,,,,,,,,,,,,,,,,,0,,,,,,tv_wilder_rsi14_sma5_v1,78.53,76.74,True,False,1.8
6996,6996.T,ニチコン,2026-06,OUT,3,75.87,84.68,True,True,8.81,2026-04,2421.0,4150.0,4150.0,71.42,,,,,,,,,,,,,,,,,,,,,,,,,,,,,2026-07,2929.0,20.98,31.55,32.96,1.66,1780.9,,,,1.35,39.37,5.76,1.97,3.72,5.0,5.7,,2.28,1.52,20.06,61.16,1990.58,2030.53,81.63,-17.55,246.91,247.73,142.02,0.69,67.16,96.0,,,,2026-09-29,2027-03-30,tv_wilder_rsi14_sma5_v1,84.68,75.87,True,True,8.81
6997,6997.T,日本ケミコン,2026-06,OUT,3,70.73,84.71,True,True,13.98,2026-04,2660.0,5490.0,5490.0,106.39,,,,,,,,,,,,,,,,,,,,,,,,,,,,,2026-07,3120.0,17.29,45.87,17.9,1.22,2594.03,,,,79.0,29.07,4.06,1.28,1.73,3.92,15.1,5426.2,1.5,0.95,118.66,37.64,865.19,1408.0,76.22,-0.47,212.91,749.16,106.64,1.36,27.38,100.0,,,,2027-03-30,2027-03-30,tv_wilder_rsi14_sma5_v1,84.71,70.73,True,True,13.98
6999,6999.T,ＫＯＡ,2026-06,OUT,3,66.65,73.97,True,True,7.31,2026-04,1882.0,2898.0,2898.0,53.99,,,,,,,,,,,,,,,,,,,,,,,,,,,,,2026-07,2259.0,20.03,21.05,41.54,0.94,2385.1,,,,1.74,30.07,4.74,1.56,5.47,2.83,17.3,,2.52,1.81,51.27,58.45,831.88,996.04,90.69,10.49,289.97,454.13,107.43,0.87,37.14,96.0,,,,2026-09-29,2027-03-30,tv_wilder_rsi14_sma5_v1,73.97,66.65,True,True,7.31
7004,7004.T,カナデビア,2026-06,OUT,3,58.18,59.51,True,False,1.33,2026-04,1194.0,1269.0,1269.0,6.28,,,,,,,,,,,,,,,,,,,,,,,,,,,,,2026-07,1188.0,-0.5,17.73,8.75,1.0,1169.89,,,,3.24,37.76,5.66,1.15,1.73,7.65,11.9,4.4,1.12,0.89,90.49,27.39,1973.34,3099.62,116.47,-56.27,780.11,1840.55,302.28,0.52,168.23,100.0,,,,2027-03-30,2027-03-30,tv_wilder_rsi14_sma5_v1,59.51,58.18,False,True,1.33
7043,7043.T,アルー,2026-06,OUT,2,52.36,54.04,False,True,1.68,2026-05,937.0,940.0,940.0,0.32,,,,,,,,,,,,,,,,,,,,,,,,,,,,,2026-07,887.0,-5.34,,,,,,,,,,,,,,,,,,,,,,,,,,,,,0,,,,,,tv_wilder_rsi14_sma5_v1,54.04,52.36,True,False,1.68
7046,7046.T,ＴＤＳＥ,2026-06,OUT,1,43.49,44.11,False,True,0.62,2026-06,1350.0,1350.0,1350.0,0.0,,,,,,,,,,,,,,,,,,,,,,,,,,,,,2026-07,1300.0,-3.7,,,,,,,,,,,,,,,,,,,,,,,,,,,,,0,,,,,,tv_wilder_rsi14_sma5_v1,44.11,43.49,True,False,0.62
7058,7058.T,共栄セキュリティーサービス,2026-06,OUT,1,59.46,59.86,False,True,0.4,2026-06,3090.0,3090.0,3090.0,0.0,,,,,,,,,,,,,,,,,,,,,,,,,,,,,2026-07,2973.0,-3.79,,,,,,,,,,,,,,,,,,,,,,,,,,,,,0,,,,,,tv_wilder_rsi14_sma5_v1,59.86,59.46,True,False,0.4
7073,7073.T,ジェイック,2026-06,OUT,2,47.33,49.22,False,True,1.89,2026-05,2300.0,2330.0,2330.0,1.3,,,,,,,,,,,,,,,,,,,,,,,,,,,,,2026-07,2252.0,-2.09,,,,,,,,,,,,,,,,,,,,,,,,,,,,,0,,,,,,tv_wilder_rsi14_sma5_v1,49.22,47.33,True,False,1.89
7097,7097.T,さくらさくプラス,2026-06,OUT,1,68.4,68.79,False,True,0.4,2026-06,3025.0,3025.0,3025.0,0.0,,,,,,,,,,,,,,,,,,,,,,,,,,,,,2026-07,2747.0,-9.19,,,,,,,,,,,,,,,,,,,,,,,,,,,,,0,,,,,,tv_wilder_rsi14_sma5_v1,68.79,68.4,True,False,0.4
7140,7140.T,ペットゴー,2026-06,OUT,6,49.51,55.85,True,True,6.35,2026-01,810.0,974.0,974.0,20.25,,,,,,,,,,,,,,,,,,,,,,,,,,,,,2026-07,799.0,-1.36,,,,,,,,,,,,,,,,,,,,,,,,,,,,,0,,,,,,tv_wilder_rsi14_sma5_v1,55.85,49.51,True,True,6.35
7162,7162.T,アストマックス,2026-06,OUT,4,49.97,52.19,True,False,2.22,2026-03,232.0,256.0,256.0,10.34,,,,,,,,,,,,,,,,,,,,,,,,,,,,,2026-07,244.0,5.17,,,,,,,,,,,,,,,,,,,,,,,,,,,,,0,,,,,,tv_wilder_rsi14_sma5_v1,52.19,49.97,False,True,2.22
7173,7173.T,東京きらぼしフィナンシャルグループ,2026-06,OUT,1,86.7,88.5,False,True,1.8,2026-06,1800.0,1800.0,1800.0,0.0,,,,,,,,,,,,,,,,,,,,,,,,,,,,,2026-07,1703.0,-5.39,12.79,,0.94,1747.57,,,,1.83,16.57,10.66,0.59,25.09,36.95,39.0,16.7,,,,5.79,4691.72,-2307.67,-2847.3,,8274.18,1995.16,,0.16,286.26,76.0,,,,2026-09-29,2027-03-30,tv_wilder_rsi14_sma5_v1,88.5,86.7,True,False,1.8
7318,7318.T,セレンディップ・ホールディングス,2026-06,OUT,3,69.3,69.6,True,False,0.31,2026-04,1912.0,2186.0,2186.0,14.33,,,,,,,,,,,,,,,,,,,,,,,,,,,,,2026-07,1902.0,-0.52,,,,,,,,,,,,,,,,,,,,,,,,,,,,,0,,,,,,tv_wilder_rsi14_sma5_v1,69.6,69.3,False,True,0.31
7352,7352.T,ＴＷＯＳＴＯＮＥ＆Ｓｏｎｓ,2026-06,OUT,1,35.9,37.43,False,True,1.53,2026-06,450.0,450.0,450.0,0.0,,,,,,,,,,,,,,,,,,,,,,,,,,,,,2026-07,337.0,-25.11,,,,,,,,,,,,,,,,,,,,,,,,,,,,,0,,,,,,tv_wilder_rsi14_sma5_v1,37.43,35.9,True,False,1.53
7376,7376.T,ＢＣＣ,2026-06,OUT,4,65.64,65.82,True,False,0.17,2026-03,699.0,1031.0,1031.0,47.5,,,,,,,,,,,,,,,,,,,,,,,,,,,,,2026-07,1126.0,61.09,,,,,,,,,,,,,,,,,,,,,,,,,,,,,0,,,,,,tv_wilder_rsi14_sma5_v1,65.82,65.64,False,True,0.17
7435,7435.T,ナ・デックス,2026-06,OUT,5,60.55,67.81,True,True,7.25,2026-02,1050.0,1330.0,1330.0,26.67,,,,,,,,,,,,,,,,,,,,,,,,,,,,,2026-07,1196.0,13.9,,,,,,,,,,,,,,,,,,,,,,,,,,,,,0,,,,,,tv_wilder_rsi14_sma5_v1,67.81,60.55,True,True,7.25
7477,7477.T,ムラキ,2026-06,OUT,8,60.69,60.88,True,True,0.19,2025-11,1298.0,1871.0,1871.0,44.14,,,,,,,,,,,,,,,,,,,,,,,,,,,,,2026-07,1586.0,22.19,,,,,,,,,,,,,,,,,,,,,,,,,,,,,0,,,,,,tv_wilder_rsi14_sma5_v1,60.88,60.69,True,True,0.19
7481,7481.T,尾家産業,2026-06,OUT,1,65.36,65.38,False,True,0.02,2026-06,2644.0,2644.0,2644.0,0.0,,,,,,,,,,,,,,,,,,,,,,,,,,,,,2026-07,2483.0,-6.09,,,,,,,,,,,,,,,,,,,,,,,,,,,,,0,,,,,,tv_wilder_rsi14_sma5_v1,65.38,65.36,True,False,0.02
7500,7500.T,西川計測,2026-06,OUT,1,53.59,54.18,False,True,0.59,2026-06,10300.0,10300.0,10300.0,0.0,,,,,,,,,,,,,,,,,,,,,,,,,,,,,2026-07,9750.0,-5.34,,,,,,,,,,,,,,,,,,,,,,,,,,,,,0,,,,,,tv_wilder_rsi14_sma5_v1,54.18,53.59,True,False,0.59
7539,7539.T,アイナボホールディングス,2026-06,OUT,1,62.24,62.4,True,True,0.16,2026-06,810.0,810.0,810.0,0.0,,,,,,,,,,,,,,,,,,,,,,,,,,,,,2026-07,772.0,-4.69,,,,,,,,,,,,,,,,,,,,,,,,,,,,,0,,,,,,tv_wilder_rsi14_sma5_v1,62.4,62.24,True,True,0.16
7609,7609.T,ダイトロン,2026-06,OUT,2,78.23,81.27,True,True,3.03,2026-05,3570.0,3675.0,3675.0,2.94,,,,,,,,,,,,,,,,,,,,,,,,,,,,,2026-07,3320.0,-7.0,14.2,8.33,1.91,1727.11,,,,3.33,40.89,16.74,6.64,5.1,8.13,29.9,71.3,1.85,1.06,1.0,44.82,695.13,503.87,,,195.32,3.63,83.55,0.9,21.06,92.0,,,,2026-12-29,2026-12-29,tv_wilder_rsi14_sma5_v1,81.27,78.23,True,True,3.03
7678,7678.T,あさくま,2026-06,OUT,4,77.35,79.27,True,False,1.91,2026-03,2660.0,3260.0,3260.0,22.56,,,,,,,,,,,,,,,,,,,,,,,,,,,,,2026-07,2990.0,12.41,,,,,,,,,,,,,,,,,,,,,,,,,,,,,0,,,,,,tv_wilder_rsi14_sma5_v1,79.27,77.35,False,True,1.91
7683,7683.T,ダブルエー,2026-06,OUT,2,58.4,62.11,True,True,3.71,2026-05,1415.0,1458.0,1458.0,3.04,,,,,,,,,,,,,,,,,,,,,,,,,,,,,2026-07,1376.0,-2.76,39.68,10.42,2.56,557.25,,,,1.19,47.26,3.86,2.64,1.76,-10.01,-4.6,,4.75,1.74,,82.22,272.07,250.14,,,21.98,0.0,11.69,0.37,19.08,84.0,,,,2026-07-30,2027-01-28,tv_wilder_rsi14_sma5_v1,62.11,58.4,True,True,3.71
7715,7715.T,長野計器,2026-06,OUT,3,67.96,78.2,True,True,10.25,2026-04,3080.0,4520.0,4520.0,46.75,,,,,,,,,,,,,,,,,,,,,,,,,,,,,2026-07,3770.0,22.4,12.92,10.52,1.43,2588.36,,,,1.63,18.2,11.82,5.78,7.97,11.01,-3.8,22.1,3.04,1.89,26.42,62.86,685.34,686.76,76.2,52.93,138.62,129.73,88.39,0.26,18.57,100.0,,,,2026-09-29,2027-03-30,tv_wilder_rsi14_sma5_v1,78.2,67.96,True,True,10.25
7717,7717.T,ブイ・テクノロジー,2026-06,OUT,5,70.98,83.33,True,True,12.35,2026-02,4660.0,9100.0,9100.0,95.28,,,,,,,,,,,,,,,,,,,,,,,,,,,,,2026-07,5460.0,17.17,26.18,28.13,1.67,3825.76,,,,1.26,32.86,6.78,3.22,4.34,15.0,45.8,31.4,2.84,2.07,58.23,49.56,602.17,519.34,57.48,29.41,294.75,211.09,47.16,1.46,9.45,100.0,,,,2026-09-29,2027-03-30,tv_wilder_rsi14_sma5_v1,83.33,70.98,True,True,12.35
7729,7729.T,東京精密,2026-06,OUT,1,69.04,72.23,True,True,3.19,2026-06,20130.0,20130.0,20130.0,0.0,,,,,,,,,,,,,,,,,,,,,,,,,,,,,2026-07,17160.0,-14.75,28.17,27.97,3.61,4723.02,,,,1.62,43.22,13.45,8.63,14.83,23.77,13.7,40.9,3.65,2.11,7.63,76.52,6922.57,6551.11,250.12,92.25,530.73,147.12,393.66,1.01,40.59,100.0,,,,2026-09-29,2027-03-30,tv_wilder_rsi14_sma5_v1,72.23,69.04,True,True,3.19
7730,7730.T,マニー,2026-06,OUT,3,53.37,54.81,True,False,1.44,2026-04,1709.0,1724.0,1724.0,0.88,,,,,,,,,,,,,,,,,,,,,,,,,,,,,2026-07,1512.0,-11.53,27.78,21.31,2.75,575.22,,,,2.59,70.34,10.97,9.97,20.43,28.82,11.0,32.7,8.04,6.28,0.1,92.37,1556.34,1319.24,,,237.66,0.56,121.67,0.39,98.5,92.0,,,,2026-08-28,2026-08-28,tv_wilder_rsi14_sma5_v1,54.81,53.37,False,True,1.44
7731,7731.T,ニコン,2026-06,OUT,1,59.8,67.02,True,True,7.22,2026-06,2270.0,2270.0,2270.0,0.0,,,,,,,,,,,,,,,,,,,,,,,,,,,,,2026-07,1909.0,-15.9,,20.76,1.23,1781.33,,,,91.0,196.39,-14.02,-0.88,-12.71,-0.77,-4.6,,1.97,0.87,37.4,54.58,7242.23,7875.66,-44.39,-598.38,1580.36,2199.57,277.44,0.15,329.42,92.0,,,,2026-09-29,2027-03-30,tv_wilder_rsi14_sma5_v1,67.02,59.8,True,True,7.22
7735,7735.T,ＳＣＲＥＥＮホールディングス,2026-06,OUT,1,68.98,78.59,True,True,9.6,2026-06,17805.0,17805.0,17805.0,0.0,,,,,,,,,,,,,,,,,,,,,,,,,,,,,2026-07,12600.0,-29.23,33.9,18.88,6.42,2573.24,,,,1.06,30.11,20.28,10.99,15.19,24.99,9.1,26.9,2.28,1.49,1.25,67.35,31218.4,29006.75,927.07,395.54,2273.7,60.91,1370.98,1.57,189.09,100.0,,,,2026-09-29,2027-03-30,tv_wilder_rsi14_sma5_v1,78.59,68.98,True,True,9.6
7747,7747.T,朝日インテック,2026-06,OUT,5,65.77,69.27,True,True,3.5,2026-02,3366.0,3800.0,3800.0,12.89,,,,,,,,,,,,,,,,,,,,,,,,,,,,,2026-07,3593.0,6.74,53.77,44.87,5.7,626.5,,,,1.13,36.52,19.24,13.55,22.43,35.15,22.3,,5.04,3.55,4.32,77.93,9469.43,8953.06,,,597.97,72.28,523.44,0.5,265.32,88.0,,,,2026-06-29,2026-06-29,tv_wilder_rsi14_sma5_v1,69.27,65.77,True,True,3.5
7762,7762.T,シチズン時計,2026-06,OUT,2,79.01,82.17,True,True,3.16,2026-05,2315.0,2420.0,2420.0,4.54,,,,,,,,,,,,,,,,,,,,,,,,,,,,,2026-07,2133.0,-7.86,17.09,26.98,1.81,1201.6,,,,2.29,36.87,11.02,4.28,8.97,7.09,19.3,431.6,3.52,1.99,22.65,62.61,5316.63,5034.66,388.22,27.54,1055.64,684.2,446.46,0.15,243.99,100.0,,,,2026-09-29,2027-03-30,tv_wilder_rsi14_sma5_v1,82.17,79.01,True,True,3.16
7813,7813.T,プラッツ,2026-06,OUT,3,59.34,62.54,True,False,3.2,2026-04,836.0,890.0,890.0,6.46,,,,,,,,,,,,,,,,,,,,,,,,,,,,,2026-07,796.0,-4.78,,,,,,,,,,,,,,,,,,,,,,,,,,,,,0,,,,,,tv_wilder_rsi14_sma5_v1,62.54,59.34,False,True,3.2
7818,7818.T,トランザクション,2026-06,OUT,2,56.44,60.59,True,True,4.16,2026-05,1291.0,1402.0,1402.0,8.6,,,,,,,,,,,,,,,,,,,,,,,,,,,,,2026-07,1200.0,-7.05,16.98,8.08,3.26,386.19,,,,2.46,38.39,21.14,15.77,0.0,20.9,,,5.07,3.05,3.89,82.63,712.44,665.35,,,58.21,8.52,65.77,,56.54,80.0,,,,2026-08-28,2026-08-28,tv_wilder_rsi14_sma5_v1,60.59,56.44,True,True,4.16
7850,7850.T,総合商研,2026-06,OUT,1,49.0,49.98,False,True,0.98,2026-06,872.0,872.0,872.0,0.0,,,,,,,,,,,,,,,,,,,,,,,,,,,,,2026-07,813.0,-6.77,,,,,,,,,,,,,,,,,,,,,,,,,,,,,0,,,,,,tv_wilder_rsi14_sma5_v1,49.98,49.0,True,False,0.98
7868,7868.T,広済堂ホールディングス,2026-06,OUT,8,55.78,56.31,True,False,0.53,2025-11,465.0,563.0,563.0,21.08,,,,,,,,,,,,,,,,,,,,,,,,,,,,,2026-07,505.0,8.6,15.9,11.81,1.53,333.94,,,,2.62,41.61,9.79,5.65,13.08,21.9,-4.3,863.3,2.97,2.86,32.16,68.61,754.14,690.71,208.52,169.48,224.23,159.26,87.27,-0.18,147.87,100.0,,,,2026-09-29,2027-03-30,tv_wilder_rsi14_sma5_v1,56.31,55.78,False,True,0.53
7875,7875.T,竹田ｉＰホールディングス,2026-06,OUT,2,79.73,85.77,True,True,6.04,2026-05,763.0,888.0,888.0,16.38,,,,,,,,,,,,,,,,,,,,,,,,,,,,,2026-07,792.0,3.8,,,,,,,,,,,,,,,,,,,,,,,,,,,,,0,,,,,,tv_wilder_rsi14_sma5_v1,85.77,79.73,True,True,6.04
7911,7911.T,ＴＯＰＰＡＮホールディングス,2026-06,OUT,1,57.61,59.58,False,True,1.97,2026-06,5105.0,5105.0,5105.0,0.0,,,,,,,,,,,,,,,,,,,,,,,,,,,,,2026-07,4527.0,-11.32,19.88,16.9,0.95,4742.83,,,,1.28,25.54,5.03,1.65,3.59,4.62,5.0,-58.5,1.86,1.45,37.04,52.27,12663.7,14267.05,861.22,-1243.61,4413.66,5222.38,1548.58,0.53,280.48,100.0,,,,2026-09-29,2027-03-30,tv_wilder_rsi14_sma5_v1,59.58,57.61,True,False,1.97
7915,7915.T,ＮＩＳＳＨＡ,2026-06,OUT,3,46.39,47.54,True,False,1.16,2026-04,1257.0,1364.0,1364.0,8.51,,,,,,,,,,,,,,,,,,,,,,,,,,,,,2026-07,1329.0,5.73,62.88,9.06,0.71,1881.22,,,,3.76,236.63,3.29,1.27,1.39,6.88,113.7,402.2,1.17,0.84,32.34,46.1,630.6,671.54,320.39,195.8,298.23,304.13,150.99,0.68,47.41,100.0,,,,2026-12-29,2026-12-29,tv_wilder_rsi14_sma5_v1,47.54,46.39,False,True,1.16
7918,7918.T,ヴィア・ホールディングス,2026-06,OUT,1,42.97,44.88,True,True,1.91,2026-06,110.0,110.0,110.0,0.0,,,,,,,,,,,,,,,,,,,,,,,,,,,,,2026-07,104.0,-5.45,,,,,,,,,,,,,,,,,,,,,,,,,,,,,0,,,,,,tv_wilder_rsi14_sma5_v1,44.88,42.97,True,True,1.91
7966,7966.T,リンテック,2026-06,OUT,1,75.43,80.83,False,True,5.4,2026-06,7090.0,7090.0,7090.0,0.0,,,,,,,,,,,,,,,,,,,,,,,,,,,,,2026-07,6200.0,-12.55,25.58,24.57,1.72,3932.11,,,,1.78,41.61,6.89,4.6,5.44,6.49,7.3,,2.97,1.96,2.91,75.13,4426.54,3907.76,334.5,151.09,602.71,75.18,423.38,0.61,65.48,96.0,,,,2026-09-29,2027-03-30,tv_wilder_rsi14_sma5_v1,80.83,75.43,True,False,5.4
7970,7970.T,信越ポリマー,2026-06,OUT,1,68.71,71.68,False,True,2.97,2026-06,2401.0,2401.0,2401.0,0.0,,,,,,,,,,,,,,,,,,,,,,,,,,,,,2026-07,2143.0,-10.75,19.53,18.04,1.48,1611.91,,,,2.68,50.7,7.83,5.74,8.6,10.61,5.5,-19.7,5.11,4.0,,84.67,1919.28,1419.13,144.5,68.73,500.73,0.0,203.78,0.7,80.37,96.0,,,,2026-03-30,2026-03-30,tv_wilder_rsi14_sma5_v1,71.68,68.71,True,False,2.97
7981,7981.T,タカラスタンダード,2026-06,OUT,1,71.86,72.63,False,True,0.77,2026-06,3100.0,3100.0,3100.0,0.0,,,,,,,,,,,,,,,,,,,,,,,,,,,,,2026-07,3020.0,-2.58,13.18,,0.98,3104.88,,,,4.06,50.02,7.71,4.24,5.96,4.95,1.7,23.4,2.09,1.81,2.21,70.24,1931.71,1361.02,254.06,164.38,614.09,43.4,267.15,0.29,63.23,96.0,,,,2026-09-29,2027-03-30,tv_wilder_rsi14_sma5_v1,72.63,71.86,True,False,0.77
8029,8029.T,ルックホールディングス,2026-06,OUT,3,54.32,57.55,True,True,3.23,2026-04,2588.0,2690.0,2690.0,3.94,,,,,,,,,,,,,,,,,,,,,,,,,,,,,2026-07,2594.0,0.23,,,,,,,,,,,,,,,,,,,,,,,,,,,,,0,,,,,,tv_wilder_rsi14_sma5_v1,57.55,54.32,True,True,3.23
8035,8035.T,東京エレクトロン,2026-06,OUT,3,68.29,79.36,True,True,11.07,2026-04,44390.0,77150.0,77150.0,73.8,,,,,,,,,,,,,,,,,,,,,,,,,,,,,2026-07,55500.0,25.03,52.08,50.85,14.3,4550.94,,,,1.11,50.2,29.27,14.24,23.51,28.89,8.6,50.5,2.7,1.52,,72.35,295977.94,291048.1,5397.32,2291.09,5062.5,0.0,7062.82,1.37,454.65,96.0,,,,2026-09-29,2026-09-29,tv_wilder_rsi14_sma5_v1,79.36,68.29,True,True,11.07
8115,8115.T,ムーンバット,2026-06,OUT,3,65.37,68.94,True,True,3.57,2026-04,1509.0,1650.0,1650.0,9.34,,,,,,,,,,,,,,,,,,,,,,,,,,,,,2026-07,1531.0,1.46,,,,,,,,,,,,,,,,,,,,,,,,,,,,,0,,,,,,tv_wilder_rsi14_sma5_v1,68.94,65.37,True,True,3.57
8141,8141.T,新光商事,2026-06,OUT,14,72.71,77.3,True,True,4.59,2025-05,930.0,1590.0,1590.0,70.97,,,,,,,,,,,,,,,,,,,,,,,,,,,,,2026-07,1556.0,67.31,41.49,,0.87,1844.04,,,,1.15,47.78,2.21,0.94,1.14,1.47,24.2,,3.16,2.53,9.9,65.16,458.23,199.79,58.21,41.34,303.33,53.0,15.25,0.36,28.55,92.0,,,,2026-09-29,2026-03-30,tv_wilder_rsi14_sma5_v1,77.3,72.71,True,True,4.59
8181,8181.T,東天紅,2026-06,OUT,1,55.33,55.92,False,True,0.6,2026-06,1044.0,1044.0,1044.0,0.0,,,,,,,,,,,,,,,,,,,,,,,,,,,,,2026-07,1000.0,-4.21,,,,,,,,,,,,,,,,,,,,,,,,,,,,,0,,,,,,tv_wilder_rsi14_sma5_v1,55.92,55.33,True,False,0.6
8202,8202.T,ラオックスホールディングス,2026-06,OUT,1,35.16,35.16,True,True,0.0,2026-06,149.0,149.0,149.0,0.0,,,,,,,,,,,,,,,,,,,,,,,,,,,,,2026-07,146.0,-2.01,,,,,,,,,,,,,,,,,,,,,,,,,,,,,0,,,,,,tv_wilder_rsi14_sma5_v1,35.16,35.16,True,True,0.0
8233,8233.T,高島屋,2026-06,OUT,1,73.34,80.49,True,True,7.16,2026-06,2503.5,2503.5,2503.5,0.0,,,,,,,,,,,,,,,,,,,,,,,,,,,,,2026-07,2275.5,-9.11,,18.83,1.6,1551.05,,,,1.61,26.09,-0.54,2.69,-1.01,16.61,5.9,94.4,0.67,0.49,86.25,33.41,7268.22,10762.76,798.07,162.51,957.92,4166.61,916.27,-0.01,293.01,96.0,,,,2026-08-28,2027-02-25,tv_wilder_rsi14_sma5_v1,80.49,73.34,True,True,7.16
8366,8366.T,滋賀銀行,2026-06,OUT,7,84.51,90.2,True,True,5.69,2025-12,1436.0,2605.0,2605.0,81.41,,,,,,,,,,,,,,,,,,,,,,,,,,,,,2026-07,2400.0,67.13,27.55,48.42,1.15,2214.31,,,,1.97,30.35,4.47,0.28,16.47,18.18,66.5,52.8,,,,6.64,5843.53,5792.95,-1383.01,,10112.75,10062.29,,0.02,229.88,80.0,,,,2026-09-29,2027-03-30,tv_wilder_rsi14_sma5_v1,90.2,84.51,True,True,5.69
8367,8367.T,南都銀行,2026-06,OUT,1,85.02,86.2,False,True,1.18,2026-06,1763.0,1763.0,1763.0,0.0,,,,,,,,,,,,,,,,,,,,,,,,,,,,,2026-07,1720.0,-2.44,16.48,,0.94,1910.82,,,,3.13,39.58,5.91,0.25,18.24,28.07,17.3,38.5,,,,4.49,2812.98,2061.28,-4806.03,,4354.7,3603.0,,0.34,157.06,76.0,,,,2026-09-29,2027-03-30,tv_wilder_rsi14_sma5_v1,86.2,85.02,True,False,1.18
8416,8416.T,高知銀行,2026-06,OUT,2,64.87,67.26,False,True,2.4,2026-05,1220.0,1242.0,1242.0,1.8,,,,,,,,,,,,,,,,,,,,,,,,,,,,,2026-07,1117.0,-8.44,,,,,,,,,,,,,,,,,,,,,,,,,,,,,0,,,,,,tv_wilder_rsi14_sma5_v1,67.26,64.87,True,False,2.4
8595,8595.T,ジャフコ　グループ,2026-06,OUT,1,52.78,55.13,False,True,2.35,2026-06,2371.0,2371.0,2371.0,0.0,,,,,,,,,,,,,,,,,,,,,,,,,,,,,2026-07,2242.0,-5.44,18.59,6.45,0.88,2606.34,,,,5.79,107.56,4.63,2.01,29.38,4.87,-38.1,-4.9,168.9,167.42,11.06,84.96,1209.47,184.38,,,1176.75,151.66,54.81,0.4,52.62,92.0,,,,2026-09-29,2027-03-30,tv_wilder_rsi14_sma5_v1,55.13,52.78,True,False,2.35
9072,9072.T,ニッコンホールディングス,2026-06,OUT,4,85.1,88.74,True,False,3.63,2026-03,4253.0,5898.0,5898.0,38.68,,,,,,,,,,,,,,,,,,,,,,,,,,,,,2026-07,5043.0,18.58,34.97,34.61,2.62,2039.16,,,,2.09,49.07,7.46,3.44,6.76,9.39,8.8,49.7,1.44,1.31,56.38,54.51,6241.22,7355.86,381.57,54.35,375.12,1368.85,412.43,0.29,116.66,100.0,,,,2026-09-29,2027-03-30,tv_wilder_rsi14_sma5_v1,88.74,85.1,False,True,3.63
9242,9242.T,メディア総研,2026-06,OUT,1,56.56,56.81,False,True,0.25,2026-06,1961.0,1961.0,1961.0,0.0,,,,,,,,,,,,,,,,,,,,,,,,,,,,,2026-07,1860.0,-5.15,,,,,,,,,,,,,,,,,,,,,,,,,,,,,0,,,,,,tv_wilder_rsi14_sma5_v1,56.81,56.56,True,False,0.25
9253,9253.T,スローガン,2026-06,OUT,1,50.17,53.02,True,True,2.86,2026-06,798.0,798.0,798.0,0.0,,,,,,,,,,,,,,,,,,,,,,,,,,,,,2026-07,724.0,-9.27,,,,,,,,,,,,,,,,,,,,,,,,,,,,,0,,,,,,tv_wilder_rsi14_sma5_v1,53.02,50.17,True,True,2.86
9256,9256.T,サクシード,2026-06,OUT,2,62.37,94.35,True,True,31.98,2026-05,2703.0,4635.0,4635.0,71.48,,,,,,,,,,,,,,,,,,,,,,,,,,,,,2026-07,1275.0,-52.83,,,,,,,,,,,,,,,,,,,,,,,,,,,,,0,,,,,,tv_wilder_rsi14_sma5_v1,94.35,62.37,True,True,31.98
9327,9327.T,イー・ロジット,2026-06,OUT,3,36.44,37.0,True,False,0.56,2026-04,201.0,207.0,207.0,2.99,,,,,,,,,,,,,,,,,,,,,,,,,,,,,2026-07,185.0,-7.96,,,,,,,,,,,,,,,,,,,,,,,,,,,,,0,,,,,,tv_wilder_rsi14_sma5_v1,37.0,36.44,False,True,0.56
9369,9369.T,キユーソー流通システム,2026-06,OUT,1,63.74,65.12,False,True,1.38,2026-06,3300.0,3300.0,3300.0,0.0,,,,,,,,,,,,,,,,,,,,,,,,,,,,,2026-07,2899.0,-12.15,,,,,,,,,,,,,,,,,,,,,,,,,,,,,0,,,,,,tv_wilder_rsi14_sma5_v1,65.12,63.74,True,False,1.38
9439,9439.T,エム・エイチ・グループ,2026-06,OUT,5,62.79,64.51,True,False,1.72,2026-02,229.0,245.0,245.0,6.99,,,,,,,,,,,,,,,,,,,,,,,,,,,,,2026-07,222.0,-3.06,,,,,,,,,,,,,,,,,,,,,,,,,,,,,0,,,,,,tv_wilder_rsi14_sma5_v1,64.51,62.79,False,True,1.72
9468,9468.T,ＫＡＤＯＫＡＷＡ,2026-06,OUT,1,50.77,51.71,True,True,0.94,2026-06,3461.0,3461.0,3461.0,0.0,,,,,,,,,,,,,,,,,,,,,,,,,,,,,2026-07,3473.0,0.35,454.74,28.06,2.16,1687.64,,,,82.0,381.68,1.47,1.26,0.45,2.16,12.0,,2.31,1.74,3.95,62.82,5360.1,4585.03,34.24,-114.9,1171.14,109.26,203.0,-0.14,146.97,96.0,,,,2027-03-30,2027-03-30,tv_wilder_rsi14_sma5_v1,51.71,50.77,True,True,0.94
9502,9502.T,中部電力,2026-06,OUT,3,72.96,77.18,True,True,4.21,2026-04,2690.5,3060.0,3060.0,13.73,,,,,,,,,,,,,,,,,,,,,,,,,,,,,2026-07,2787.0,3.59,9.5,12.2,0.69,4154.47,,,,2.44,23.21,7.74,1.95,6.42,6.28,-3.7,-27.8,1.01,0.47,109.85,41.01,21626.92,54299.2,3344.28,-3898.97,3366.86,35293.76,4023.47,0.21,755.39,100.0,,,,2026-09-29,2027-03-30,tv_wilder_rsi14_sma5_v1,77.18,72.96,True,True,4.21
9519,9519.T,レノバ,2026-06,OUT,5,49.74,49.91,True,False,0.17,2026-02,740.0,985.0,985.0,33.11,,,,,,,,,,,,,,,,,,,,,,,,,,,,,2026-07,930.0,25.68,26.81,33.58,0.72,1359.04,,,,,0.0,2.89,0.65,3.78,-5.26,6.1,,2.18,2.01,183.34,20.09,886.77,4067.02,282.73,135.8,858.02,3407.97,237.7,-0.48,90.39,92.0,,,,,,tv_wilder_rsi14_sma5_v1,49.91,49.74,False,True,0.17
9561,9561.T,グラッドキューブ,2026-06,OUT,1,33.39,33.85,True,True,0.46,2026-06,425.0,425.0,425.0,0.0,,,,,,,,,,,,,,,,,,,,,,,,,,,,,2026-07,404.0,-4.94,,,,,,,,,,,,,,,,,,,,,,,,,,,,,0,,,,,,tv_wilder_rsi14_sma5_v1,33.85,33.39,True,True,0.46
9636,9636.T,きんえい,2026-06,OUT,4,68.08,73.78,True,True,5.7,2026-03,4135.0,4280.0,4280.0,3.51,,,,,,,,,,,,,,,,,,,,,,,,,,,,,2026-07,4195.0,1.45,,,,,,,,,,,,,,,,,,,,,,,,,,,,,0,,,,,,tv_wilder_rsi14_sma5_v1,73.78,68.08,True,True,5.7
9824,9824.T,泉州電業,2026-06,OUT,2,68.24,72.1,True,True,3.86,2026-05,6400.0,7030.0,7030.0,9.84,,,,,,,,,,,,,,,,,,,,,,,,,,,,,2026-07,6090.0,-4.84,14.88,14.75,1.8,3614.28,,,,2.46,35.46,12.6,5.15,5.24,7.96,25.9,77.1,1.5,1.32,1.07,52.7,1109.55,701.18,122.27,113.92,422.22,6.66,104.79,0.83,17.07,100.0,,,,2026-10-29,2026-10-29,tv_wilder_rsi14_sma5_v1,72.1,68.24,True,True,3.86
9880,9880.T,イノテック,2026-06,OUT,2,75.14,76.55,True,False,1.4,2026-05,4185.0,3980.0,3980.0,-4.9,,,,,,,,,,,,,,,,,,,,,,,,,,,,,2026-07,3380.0,-19.24,,,,,,,,,,,,,,,,,,,54.88,,,,,,,,,,4.0,,,,,,tv_wilder_rsi14_sma5_v1,76.55,75.14,False,True,1.4
9983,9983.T,ファーストリテイリング,2026-06,OUT,3,73.13,76.39,True,True,3.26,2026-04,73590.0,82810.0,82810.0,12.53,,,,,,,,,,,,,,,,,,,,,,,,,,,,,2026-07,78190.0,6.25,50.51,57.6,8.87,8891.75,,,,81.0,37.22,22.48,10.92,13.51,21.0,22.2,39.1,3.13,2.43,28.42,58.9,241921.33,229773.77,8035.92,3505.87,20942.0,7984.25,7748.57,0.47,306.85,100.0,,,,2026-08-28,2026-08-28,tv_wilder_rsi14_sma5_v1,76.39,73.13,True,True,3.26
