code,ticker,name,signal_month,status,months_active,rsi14,rsi5,rsi14_up,rsi5_up,diff,gc_month,gc_price,signal_month_close,period_price,return_since_gc_pct,sma25,sma75,sma200,price_above_sma25,price_above_sma75,price_above_sma200,perfect_order,sma25_up,sma75_up,sma200_up,avg_volume30,high52_price,high52_distance_pct,high52_breakout,volume_ratio_5_30,atr14_pct,atr_ratio_10_20,vcp_tight,stage,supertrend_up,rsr_score,rsr_momentum,mvp_signal,cosmos_focus,cosmos_focus_type,signal_version,monthly_rsi14,monthly_rsi_ma5,monthly_rsi14_up,monthly_rsi_ma5_up,monthly_rsi_spread
6740,6740.T,ジャパンディスプレイ,2026-04,CONTINUE,11,63.78,88.18,True,True,24.41,2025-06,20.0,100.0,100.0,400.0,17.0,16.69,19.09,True,True,True,False,True,False,False,92601883.0,29.0,-31.03,False,0.95,6.07,1.0,False,3,True,9.29,11.34,False,False,,tv_wilder_rsi14_sma5_v1,88.18,63.78,True,True,24.41
6866,6866.T,日置電機,2026-04,CONTINUE,9,54.93,73.21,True,True,18.28,2025-08,6070.0,11180.0,11180.0,84.18,5909.6,5697.2,6580.1,True,True,False,False,True,True,False,34573.0,8740.0,-30.55,False,0.52,1.69,0.88,True,4,True,-9.37,2.56,False,False,,tv_wilder_rsi14_sma5_v1,73.21,54.93,True,True,18.28
8141,8141.T,新光商事,2026-04,CONTINUE,12,64.61,81.83,True,True,17.22,2025-05,930.0,1631.0,1631.0,75.38,916.92,907.73,939.22,True,True,False,False,True,False,True,58650.0,1049.0,-11.34,False,0.63,3.16,0.88,True,1,True,-0.32,1.82,False,False,,tv_wilder_rsi14_sma5_v1,81.83,64.61,True,True,17.22
268A,268A.T,リガク・ホールディングス,2026-04,NEW,1,61.91,77.52,,True,15.61,2026-04,2698.0,2698.0,2698.0,0.0,2433.24,1834.41,1270.39,True,True,True,True,True,True,True,4138093.0,3100.0,-12.97,False,0.99,8.48,1.26,False,2,True,187.43,20.78,False,False,,tv_wilder_rsi14_sma5_v1,77.52,61.91,True,,15.61
6387,6387.T,サムコ,2026-04,CONTINUE,12,71.46,85.33,True,True,13.87,2025-05,2749.0,11560.0,11560.0,320.52,2488.68,2605.52,3008.32,True,True,False,False,True,False,False,37403.0,4980.0,-44.8,False,1.05,3.13,0.96,True,4,True,-17.82,5.11,False,False,,tv_wilder_rsi14_sma5_v1,85.33,71.46,True,True,13.87
6779,6779.T,日本電波工業,2026-04,CONTINUE,10,56.77,69.55,True,True,12.78,2025-07,845.0,1890.0,1890.0,123.67,773.28,741.27,841.47,True,True,True,False,True,False,False,148480.0,1528.0,-44.7,False,1.19,3.2,1.09,False,3,True,-9.74,3.46,False,False,,tv_wilder_rsi14_sma5_v1,69.55,56.77,True,True,12.78
5074,5074.T,テスホールディングス,2026-04,CONTINUE,4,52.09,64.21,True,True,12.12,2026-01,368.0,773.0,773.0,110.05,374.28,354.69,357.38,False,True,True,False,True,False,True,490017.0,490.0,-24.9,False,0.76,3.36,0.87,True,2,True,7.22,-3.18,False,False,,tv_wilder_rsi14_sma5_v1,64.21,52.09,True,True,12.12
3445,3445.T,ＲＳ   Ｔｅｃｈｎｏｌｏｇｉｅｓ,2026-04,NEW,1,60.29,72.25,True,True,11.97,2026-04,5990.0,5990.0,5990.0,0.0,4339.6,4058.33,3747.93,True,True,True,True,True,True,True,185200.0,5440.0,10.11,True,2.06,4.44,1.13,False,2,True,83.07,24.76,True,True,BOTH,tv_wilder_rsi14_sma5_v1,72.25,60.29,True,True,11.97
3480,3480.T,ジェイ・エス・ビー,2026-04,CONTINUE,2,62.38,74.18,True,True,11.8,2026-03,4985.0,5150.0,5150.0,3.31,3719.0,3506.33,3720.38,True,True,True,False,True,True,True,79327.0,4830.0,3.21,True,3.82,4.41,1.51,False,1,True,39.54,18.51,True,True,MVP,tv_wilder_rsi14_sma5_v1,74.18,62.38,True,True,11.8
3436,3436.T,ＳＵＭＣＯ,2026-04,CONTINUE,5,55.15,66.65,True,True,11.49,2025-12,1435.0,2476.0,2476.0,72.54,1338.1,1449.95,1221.55,True,False,True,False,False,True,True,6089763.0,1790.0,-19.83,False,0.73,3.94,1.02,False,2,True,13.16,-0.68,False,False,,tv_wilder_rsi14_sma5_v1,66.65,55.15,True,True,11.49
9517,9517.T,イーレックス,2026-04,CONTINUE,3,46.19,57.57,True,True,11.38,2026-02,736.0,1010.0,1010.0,37.23,654.76,641.31,707.48,True,True,True,False,True,False,False,333270.0,860.0,-14.42,False,1.38,2.79,1.21,False,3,True,2.94,7.37,False,False,,tv_wilder_rsi14_sma5_v1,57.57,46.19,True,True,11.38
6363,6363.T,酉島製作所,2026-04,CONTINUE,5,59.37,70.68,True,True,11.31,2025-12,2016.0,3220.0,3220.0,59.72,1941.0,2011.39,2016.42,True,True,False,False,False,False,False,104350.0,2495.0,-19.2,False,0.8,2.08,0.83,True,4,True,-4.32,2.55,False,False,,tv_wilder_rsi14_sma5_v1,70.68,59.37,True,True,11.31
4063,4063.T,信越化学工業,2026-04,CONTINUE,9,61.01,72.17,True,True,11.17,2025-08,4557.0,7246.0,7246.0,59.01,4507.56,4585.59,4737.05,True,False,False,False,False,True,False,8431333.0,6540.0,-30.32,False,0.93,1.69,0.99,True,4,True,-10.08,1.5,False,False,,tv_wilder_rsi14_sma5_v1,72.17,61.01,True,True,11.17
6997,6997.T,日本ケミコン,2026-04,NEW,1,58.76,69.85,True,True,11.09,2026-04,2660.0,2660.0,2660.0,0.0,1905.72,1690.2,1505.9,True,True,True,True,True,True,True,633310.0,2494.0,6.66,True,1.62,7.19,1.39,False,2,True,114.69,31.9,True,True,BOTH,tv_wilder_rsi14_sma5_v1,69.85,58.76,True,True,11.09
7220,7220.T,武蔵精密工業,2026-04,NEW,1,54.8,65.68,True,True,10.89,2026-04,4295.0,4295.0,4295.0,0.0,3374.52,2934.63,3072.51,True,True,True,False,True,True,True,1435253.0,4940.0,-13.06,False,1.83,7.48,1.4,False,1,True,56.13,28.47,False,False,,tv_wilder_rsi14_sma5_v1,65.68,54.8,True,True,10.89
9519,9519.T,レノバ,2026-04,CONTINUE,3,43.99,54.66,True,True,10.66,2026-02,740.0,1111.0,1111.0,50.14,714.72,718.55,758.37,True,True,False,False,True,False,True,733530.0,1025.0,-27.8,False,1.27,5.03,1.18,False,1,True,-0.01,0.98,False,False,,tv_wilder_rsi14_sma5_v1,54.66,43.99,True,True,10.66
4337,4337.T,ぴあ,2026-04,CONTINUE,3,48.72,59.05,True,True,10.33,2026-02,3025.0,3500.0,3500.0,15.7,2775.6,2754.56,2981.18,True,True,True,False,True,False,True,55580.0,3775.0,-19.87,False,1.64,2.57,1.16,False,2,True,2.06,4.51,False,False,,tv_wilder_rsi14_sma5_v1,59.05,48.72,True,True,10.33
7868,7868.T,広済堂ホールディングス,2026-04,CONTINUE,6,52.02,61.68,True,True,9.66,2025-11,465.0,606.0,606.0,30.32,434.04,435.97,468.54,True,True,False,False,True,False,False,744343.0,580.0,-19.83,False,0.95,2.87,1.05,False,4,True,-0.24,4.45,False,False,,tv_wilder_rsi14_sma5_v1,61.68,52.02,True,True,9.66
6787,6787.T,メイコー,2026-04,CONTINUE,4,81.84,91.44,True,True,9.59,2026-01,12710.0,31650.0,31650.0,149.02,10529.6,10373.73,8500.62,True,True,True,True,False,True,True,236467.0,11960.0,6.27,True,2.43,5.11,1.4,False,2,True,60.55,9.68,True,True,BOTH,tv_wilder_rsi14_sma5_v1,91.44,81.84,True,True,9.59
5801,5801.T,古河電気工業,2026-04,CONTINUE,4,84.64,94.06,True,True,9.42,2026-01,1353.0,4237.0,4237.0,213.16,1106.58,1018.09,833.97,True,True,True,True,True,True,True,35603300.0,1470.0,-7.96,False,1.53,5.72,1.41,False,2,True,93.34,24.95,False,False,,tv_wilder_rsi14_sma5_v1,94.06,84.64,True,True,9.42
6976,6976.T,太陽誘電,2026-04,NEW,1,56.23,65.62,True,True,9.39,2026-04,6392.0,6392.0,6392.0,0.0,5259.0,4401.69,3693.89,True,True,True,True,True,True,True,3029723.0,6638.0,-3.71,False,1.24,4.85,1.01,False,2,True,119.71,29.35,False,False,,tv_wilder_rsi14_sma5_v1,65.62,56.23,True,True,9.39
4886,4886.T,あすか製薬ホールディングス,2026-04,CONTINUE,4,59.64,68.95,True,True,9.31,2026-01,2498.0,2916.0,2916.0,16.73,2130.88,2079.48,2260.11,True,True,True,False,True,False,False,123490.0,2942.0,-15.09,False,3.07,3.58,1.51,False,3,True,12.08,5.03,True,False,,tv_wilder_rsi14_sma5_v1,68.95,59.64,True,True,9.31
4027,4027.T,テイカ,2026-04,CONTINUE,4,56.62,65.84,True,True,9.21,2026-01,1391.0,1895.0,1895.0,36.23,1298.04,1286.6,1293.13,True,True,True,False,True,True,False,189593.0,1710.0,-18.65,False,1.11,3.85,1.45,False,1,True,2.34,6.69,False,False,,tv_wilder_rsi14_sma5_v1,65.84,56.62,True,True,9.21
6752,6752.T,パナソニックホールディングス,2026-04,CONTINUE,8,74.49,83.53,True,True,9.04,2025-09,1610.0,3203.0,3203.0,98.94,1559.92,1516.42,1600.03,True,True,True,False,True,False,True,7629703.0,1919.0,-16.1,False,1.27,2.59,1.23,False,1,True,6.71,3.35,False,False,,tv_wilder_rsi14_sma5_v1,83.53,74.49,True,True,9.04
6800,6800.T,ヨコオ,2026-04,CONTINUE,11,68.13,77.06,True,True,8.92,2025-06,1351.0,4425.0,4425.0,227.54,1248.04,1259.37,1460.21,True,True,False,False,True,False,False,75443.0,2197.0,-38.51,False,1.24,2.84,1.11,False,4,True,-15.81,2.44,True,False,,tv_wilder_rsi14_sma5_v1,77.06,68.13,True,True,8.92
2371,2371.T,カカクコム,2026-04,CONTINUE,2,46.61,55.49,True,True,8.88,2026-03,2073.5,2621.0,2621.0,26.4,1844.86,2036.32,2403.8,True,True,False,False,False,False,False,1995603.0,2977.5,-30.36,False,0.92,2.87,1.0,True,4,True,-12.82,5.01,False,False,,tv_wilder_rsi14_sma5_v1,55.49,46.61,True,True,8.88
6861,6861.T,キーエンス,2026-04,NEW,1,50.08,58.9,True,True,8.82,2026-04,71300.0,71300.0,71300.0,0.0,61998.0,60260.53,57912.1,True,True,True,True,True,True,True,775917.0,76100.0,-6.31,False,1.79,3.22,1.22,False,2,True,22.18,7.83,False,False,,tv_wilder_rsi14_sma5_v1,58.9,50.08,True,True,8.82
7725,7725.T,インターアクション,2026-04,NEW,1,55.2,63.84,True,True,8.63,2026-04,1813.0,1813.0,1813.0,0.0,1569.36,1484.69,1427.98,True,True,True,True,True,True,True,137133.0,1840.0,-1.47,False,1.3,4.72,1.06,False,2,True,35.93,12.19,False,False,,tv_wilder_rsi14_sma5_v1,63.84,55.2,True,True,8.63
6616,6616.T,トレックス・セミコンダクター,2026-04,CONTINUE,3,49.77,58.23,True,True,8.46,2026-02,1758.0,1973.0,1973.0,12.23,1608.04,1528.13,1487.99,True,True,True,True,True,True,True,38440.0,1803.0,-2.5,False,0.81,4.01,0.97,True,2,True,30.2,7.51,False,False,,tv_wilder_rsi14_sma5_v1,58.23,49.77,True,True,8.46
9962,9962.T,ミスミグループ本社,2026-04,NEW,1,56.85,65.31,True,True,8.45,2026-04,3589.0,3589.0,3589.0,0.0,2975.58,2896.65,2511.3,True,True,True,True,True,True,True,1253743.0,3395.0,5.71,True,1.84,3.34,1.25,False,2,True,55.01,10.51,True,True,BOTH,tv_wilder_rsi14_sma5_v1,65.31,56.85,True,True,8.45
6235,6235.T,オプトラン,2026-04,NEW,1,64.46,72.73,True,True,8.27,2026-04,4075.0,4075.0,4075.0,0.0,3293.44,2761.87,2100.01,True,True,True,True,True,True,True,592090.0,4040.0,0.87,True,1.56,5.8,1.07,False,2,True,139.79,25.65,False,True,BREAKOUT,tv_wilder_rsi14_sma5_v1,72.73,64.46,True,True,8.27
6645,6645.T,オムロン,2026-04,CONTINUE,3,46.21,54.26,True,True,8.04,2026-02,5552.0,5573.0,5573.0,0.38,4562.68,4169.93,4036.99,True,True,True,True,True,True,True,1761520.0,5655.0,-1.82,False,1.11,4.18,0.99,True,2,True,41.15,18.87,False,False,,tv_wilder_rsi14_sma5_v1,54.26,46.21,True,True,8.04
9793,9793.T,ダイセキ,2026-04,CONTINUE,6,51.98,59.93,True,True,7.95,2025-11,3510.0,4215.0,4215.0,20.09,3302.6,3431.67,3558.15,True,True,False,False,True,False,False,210530.0,4035.0,-13.01,False,0.85,1.73,0.9,True,4,True,-3.11,3.35,False,False,,tv_wilder_rsi14_sma5_v1,59.93,51.98,True,True,7.95
6754,6754.T,アンリツ,2026-04,NEW,1,71.66,79.48,True,True,7.82,2026-04,4039.0,4039.0,4039.0,0.0,3314.22,2836.64,2302.37,True,True,True,True,True,True,True,1663743.0,4235.0,-4.63,False,2.07,4.33,1.21,False,2,True,122.15,20.66,True,True,MVP,tv_wilder_rsi14_sma5_v1,79.48,71.66,True,True,7.82
6981,6981.T,村田製作所,2026-04,NEW,1,64.44,72.24,True,True,7.8,2026-04,5156.0,5156.0,5156.0,0.0,4264.36,3767.25,3149.81,True,True,True,True,True,True,True,9500443.0,5016.0,2.79,True,1.45,4.37,1.13,False,2,True,95.96,19.86,True,True,BOTH,tv_wilder_rsi14_sma5_v1,72.24,64.44,True,True,7.8
6707,6707.T,サンケン電気,2026-04,CONTINUE,4,51.65,59.42,True,True,7.77,2026-01,7327.0,9350.0,9350.0,27.61,6476.08,6343.56,7210.51,True,True,True,False,True,False,False,139660.0,9067.0,-19.19,False,1.07,3.14,0.98,True,3,True,3.66,4.76,True,False,,tv_wilder_rsi14_sma5_v1,59.42,51.65,True,True,7.77
6962,6962.T,大真空,2026-04,NEW,1,49.28,56.89,True,True,7.61,2026-04,732.0,732.0,732.0,0.0,669.64,639.21,599.69,True,True,True,True,True,True,True,352147.0,794.0,-7.81,False,1.08,4.24,1.32,False,2,True,30.55,9.79,False,False,,tv_wilder_rsi14_sma5_v1,56.89,49.28,True,True,7.61
6674,6674.T,ジーエス・ユアサコーポレーション,2026-04,CONTINUE,3,69.11,76.65,True,True,7.54,2026-02,5560.0,6317.0,6317.0,13.62,4339.0,4016.19,3424.43,True,True,True,True,True,True,True,1131707.0,5616.0,-1.0,False,1.22,3.93,1.22,False,2,True,79.94,22.68,False,False,,tv_wilder_rsi14_sma5_v1,76.65,69.11,True,True,7.54
3673,3673.T,ブロードリーフ,2026-04,CONTINUE,2,60.17,67.64,True,False,7.47,2026-03,453.5,451.5,451.5,-0.44,431.76,376.55,370.4,True,True,True,True,True,True,True,1861500.0,525.5,-13.7,False,0.82,5.61,1.04,False,2,True,24.28,5.32,False,False,,tv_wilder_rsi14_sma5_v1,67.64,60.17,False,True,7.47
9072,9072.T,ニッコンホールディングス,2026-04,CONTINUE,2,79.16,86.56,True,True,7.4,2026-03,4253.0,5083.0,5083.0,19.52,4148.36,3780.09,3524.93,True,True,True,True,True,True,True,439647.0,5432.0,-21.7,False,1.49,6.5,1.36,False,2,False,33.46,9.54,False,False,,tv_wilder_rsi14_sma5_v1,86.56,79.16,True,True,7.4
7384,7384.T,プロクレアホールディングス,2026-04,CONTINUE,10,79.7,86.98,True,True,7.28,2025-07,1535.0,3595.0,3595.0,134.2,1463.48,1499.6,1649.99,True,True,False,False,True,False,False,69740.0,1928.0,-20.38,False,0.83,1.53,1.1,False,4,True,-10.8,1.34,False,False,,tv_wilder_rsi14_sma5_v1,86.98,79.7,True,True,7.28
4025,4025.T,多木化学,2026-04,CONTINUE,10,56.92,64.17,True,True,7.26,2025-07,2931.0,4575.0,4575.0,56.09,2866.68,2936.8,3259.38,True,False,False,False,False,False,False,14267.0,4505.0,-34.94,False,0.99,1.61,1.03,False,4,False,-15.26,0.8,True,False,,tv_wilder_rsi14_sma5_v1,64.17,56.92,True,True,7.26
6963,6963.T,ローム,2026-04,CONTINUE,4,63.22,70.41,True,True,7.19,2026-01,2694.0,3398.0,3398.0,26.13,2450.44,2284.75,1975.55,True,True,True,True,True,True,True,3388857.0,2770.0,-2.74,False,1.24,3.36,1.13,False,2,True,52.99,10.21,False,False,,tv_wilder_rsi14_sma5_v1,70.41,63.22,True,True,7.19
6459,6459.T,大和冷機工業,2026-04,CONTINUE,3,62.57,69.69,True,False,7.12,2026-02,1897.0,1926.0,1926.0,1.53,1675.04,1612.64,1637.19,True,True,True,False,True,True,True,78540.0,1969.0,-3.66,False,1.78,5.36,1.19,False,2,True,18.47,7.44,False,False,,tv_wilder_rsi14_sma5_v1,69.69,62.57,False,True,7.12
2874,2874.T,横浜冷凍,2026-04,CONTINUE,3,69.19,76.3,True,True,7.11,2026-02,1430.0,1653.0,1653.0,15.59,1356.68,1307.8,1150.4,True,True,True,True,True,True,True,158200.0,1554.0,-7.98,False,0.74,3.48,1.19,False,2,True,37.68,4.33,False,False,,tv_wilder_rsi14_sma5_v1,76.3,69.19,True,True,7.11
3046,3046.T,ジンズホールディングス,2026-04,NEW,1,45.49,52.57,True,True,7.08,2026-04,6630.0,6630.0,6630.0,0.0,5944.0,5452.33,6776.62,True,True,False,False,True,True,False,275080.0,10330.0,-35.82,False,1.15,4.69,0.89,True,4,True,0.98,8.43,False,False,,tv_wilder_rsi14_sma5_v1,52.57,45.49,True,True,7.08
3608,3608.T,ＴＳＩホールディングス,2026-04,NEW,1,60.22,67.27,True,True,7.05,2026-04,1315.0,1315.0,1315.0,0.0,1258.8,1146.35,1085.87,True,True,True,True,True,True,True,566267.0,1539.0,-14.55,False,1.11,5.21,0.97,True,1,True,24.9,9.31,False,False,,tv_wilder_rsi14_sma5_v1,67.27,60.22,True,True,7.05
6823,6823.T,リオン,2026-04,NEW,1,58.5,65.52,True,True,7.02,2026-04,3385.0,3385.0,3385.0,0.0,3008.32,2909.75,2721.58,True,True,True,True,True,True,True,68040.0,3310.0,2.27,True,1.93,3.27,1.23,False,2,True,29.28,7.27,True,True,BOTH,tv_wilder_rsi14_sma5_v1,65.52,58.5,True,True,7.02
3864,3864.T,三菱製紙,2026-04,CONTINUE,4,61.37,68.33,True,True,6.96,2026-01,667.0,932.0,932.0,39.73,671.12,648.65,658.88,False,True,True,False,True,False,True,173920.0,782.0,-14.71,False,0.9,2.06,0.95,True,1,True,0.71,-3.05,False,False,,tv_wilder_rsi14_sma5_v1,68.33,61.37,True,True,6.96
5344,5344.T,ＭＡＲＵＷＡ,2026-04,NEW,1,63.69,70.61,True,True,6.91,2026-04,73480.0,73480.0,73480.0,0.0,64913.6,57450.53,48275.55,True,True,True,True,True,True,True,155180.0,75870.0,-3.15,False,0.91,3.71,0.96,True,2,True,85.07,13.36,False,False,,tv_wilder_rsi14_sma5_v1,70.61,63.69,True,True,6.91
4061,4061.T,デンカ,2026-04,CONTINUE,12,70.8,77.68,True,True,6.87,2025-05,2056.5,4100.0,4100.0,99.37,1980.56,2045.42,2119.6,True,True,False,False,True,False,False,432633.0,2322.0,-11.43,False,0.83,2.63,0.81,True,4,False,-4.15,2.34,False,False,,tv_wilder_rsi14_sma5_v1,77.68,70.8,True,True,6.87
2207,2207.T,ｍｅｉｔｏ,2026-04,CONTINUE,6,79.27,85.93,True,True,6.67,2025-11,2362.0,3225.0,3225.0,36.54,2176.44,2180.15,2089.8,True,True,True,False,True,True,True,136393.0,2302.0,2.61,True,1.21,1.84,0.93,True,2,True,16.27,2.57,True,True,MVP,tv_wilder_rsi14_sma5_v1,85.93,79.27,True,True,6.67
8715,8715.T,アニコムホールディングス,2026-04,CONTINUE,6,76.2,82.78,True,True,6.58,2025-11,890.0,1500.0,1500.0,68.54,826.72,837.85,706.22,True,True,True,False,True,True,True,447720.0,929.0,-4.2,False,0.97,3.11,0.99,True,2,True,28.42,4.44,False,False,,tv_wilder_rsi14_sma5_v1,82.78,76.2,True,True,6.58
6768,6768.T,タムラ製作所,2026-04,NEW,1,58.23,64.76,True,True,6.53,2026-04,837.0,837.0,837.0,0.0,706.04,678.32,590.01,True,True,True,True,True,True,True,724857.0,813.0,2.95,True,1.78,3.94,1.13,False,2,True,59.21,14.1,True,True,BOTH,tv_wilder_rsi14_sma5_v1,64.76,58.23,True,True,6.53
3774,3774.T,インターネットイニシアティブ,2026-04,NEW,1,46.82,53.16,False,True,6.34,2026-04,2772.5,2772.5,2772.5,0.0,2613.4,2460.86,2656.41,True,True,True,False,True,False,False,716067.0,3130.0,-11.42,False,1.17,2.35,1.03,False,3,True,6.29,4.77,False,False,,tv_wilder_rsi14_sma5_v1,53.16,46.82,True,False,6.34
6376,6376.T,日機装,2026-04,CONTINUE,16,82.25,88.57,True,True,6.32,2025-01,1018.0,2658.0,2658.0,161.1,966.8,983.04,1080.96,True,True,False,False,True,False,False,185707.0,1303.0,-21.87,False,1.06,1.79,1.13,False,4,False,-7.64,2.56,False,False,,tv_wilder_rsi14_sma5_v1,88.57,82.25,True,True,6.32
4971,4971.T,メック,2026-04,NEW,1,74.11,80.41,True,True,6.3,2026-04,9300.0,9300.0,9300.0,0.0,7863.6,6832.93,5024.75,True,True,True,True,True,True,True,253120.0,9500.0,-2.11,False,1.07,4.8,1.04,False,2,True,173.28,25.45,False,False,,tv_wilder_rsi14_sma5_v1,80.41,74.11,True,True,6.3
7717,7717.T,ブイ・テクノロジー,2026-04,CONTINUE,3,61.06,67.24,True,True,6.18,2026-02,4660.0,4830.0,4830.0,3.65,3606.8,3212.92,3149.59,True,True,True,True,True,True,True,159107.0,4660.0,0.0,False,1.52,4.81,1.25,False,2,True,69.03,20.08,False,False,,tv_wilder_rsi14_sma5_v1,67.24,61.06,True,True,6.18
7004,7004.T,カナデビア,2026-04,NEW,1,53.2,59.28,True,True,6.09,2026-04,1194.0,1194.0,1194.0,0.0,1153.92,1076.25,1037.08,True,True,True,True,True,True,True,1118470.0,1257.0,-5.01,False,0.98,3.03,0.92,True,2,True,21.63,2.2,False,False,,tv_wilder_rsi14_sma5_v1,59.28,53.2,True,True,6.09
2802,2802.T,味の素,2026-04,CONTINUE,3,60.8,66.78,True,True,5.99,2026-02,4968.0,5090.0,5090.0,2.46,4115.68,3712.36,3847.43,True,True,True,False,True,True,True,5497073.0,5025.0,-1.13,False,0.88,3.83,1.02,False,2,True,41.21,15.56,False,False,,tv_wilder_rsi14_sma5_v1,66.78,60.8,True,True,5.99
6367,6367.T,ダイキン工業,2026-04,NEW,1,51.22,57.18,True,True,5.96,2026-04,21965.0,21965.0,21965.0,0.0,20581.8,19795.0,19232.28,True,True,True,True,True,True,True,1249350.0,23065.0,-4.77,False,0.9,3.27,1.3,False,2,True,21.23,3.76,True,False,,tv_wilder_rsi14_sma5_v1,57.18,51.22,True,True,5.96
9278,9278.T,ブックオフグループホールディングス,2026-04,CONTINUE,5,63.4,69.35,True,True,5.95,2025-12,1469.0,2026.0,2026.0,37.92,1413.36,1430.92,1446.79,True,True,True,False,True,False,True,43823.0,1597.0,-8.02,False,0.94,1.24,1.08,False,1,True,-1.45,1.6,False,False,,tv_wilder_rsi14_sma5_v1,69.35,63.4,True,True,5.95
6762,6762.T,ＴＤＫ,2026-04,NEW,1,58.53,64.47,False,True,5.94,2026-04,2890.5,2890.5,2890.5,0.0,2337.08,2212.19,2169.94,True,True,True,True,True,True,True,13057240.0,2772.0,4.27,True,1.34,4.64,1.31,False,2,True,58.95,18.32,True,False,,tv_wilder_rsi14_sma5_v1,64.47,58.53,True,False,5.94
3994,3994.T,マネーフォワード,2026-04,NEW,1,44.24,50.15,True,True,5.91,2026-04,4725.0,4725.0,4725.0,0.0,4254.68,3823.62,4708.95,True,True,True,False,True,True,False,1049760.0,6794.0,-30.45,False,0.81,8.16,1.23,False,3,False,5.44,11.95,False,False,,tv_wilder_rsi14_sma5_v1,50.15,44.24,True,True,5.91
6324,6324.T,ハーモニック・ドライブ・システムズ,2026-04,NEW,1,53.64,59.5,True,True,5.87,2026-04,5220.0,5220.0,5220.0,0.0,4178.0,4014.33,3348.35,True,True,True,True,True,True,True,1602207.0,4935.0,5.78,True,1.2,5.64,1.21,False,2,True,69.96,15.69,True,False,,tv_wilder_rsi14_sma5_v1,59.5,53.64,True,True,5.87
6273,6273.T,ＳＭＣ,2026-04,NEW,1,53.26,59.06,True,True,5.8,2026-04,76080.0,76080.0,76080.0,0.0,68180.4,67300.13,57083.85,True,True,True,True,True,True,True,301313.0,78530.0,-3.12,False,1.5,3.34,1.04,False,2,True,42.47,6.92,False,False,,tv_wilder_rsi14_sma5_v1,59.06,53.26,True,True,5.8
6238,6238.T,フリュー,2026-04,CONTINUE,3,53.84,59.6,True,True,5.76,2026-02,1258.0,1278.0,1278.0,1.59,1090.28,1069.28,1049.91,True,True,True,True,True,True,True,165383.0,1213.0,3.71,True,1.57,3.04,1.54,False,2,True,21.87,8.11,True,False,,tv_wilder_rsi14_sma5_v1,59.6,53.84,True,True,5.76
6266,6266.T,タツモ,2026-04,NEW,1,49.91,55.6,True,True,5.7,2026-04,2904.0,2904.0,2904.0,0.0,2534.04,2518.43,2333.05,True,True,True,True,True,True,True,144557.0,2960.0,-1.89,False,1.09,3.6,1.04,False,2,True,30.11,4.78,True,False,,tv_wilder_rsi14_sma5_v1,55.6,49.91,True,True,5.7
6961,6961.T,エンプラス,2026-04,NEW,1,66.56,72.26,True,True,5.7,2026-04,17110.0,17110.0,17110.0,0.0,14904.8,13360.53,9214.25,True,True,True,True,True,True,True,173687.0,17990.0,-4.89,False,0.98,5.76,0.98,True,2,True,201.66,27.85,True,True,MVP,tv_wilder_rsi14_sma5_v1,72.26,66.56,True,True,5.7
2337,2337.T,いちご,2026-04,CONTINUE,3,59.37,64.88,True,True,5.52,2026-02,443.0,500.0,500.0,12.87,425.08,418.97,408.24,True,True,True,True,False,True,True,1088070.0,462.0,-4.11,False,0.98,2.16,0.99,True,2,True,12.84,-0.54,False,False,,tv_wilder_rsi14_sma5_v1,64.88,59.37,True,True,5.52
9702,9702.T,アイ・エス・ビー,2026-04,CONTINUE,4,67.53,73.03,True,True,5.51,2026-01,1814.0,2148.0,2148.0,18.41,1778.36,1748.2,1577.28,True,True,True,True,True,False,True,32287.0,1855.0,-2.21,False,1.07,1.77,1.05,False,2,True,20.85,1.42,True,False,,tv_wilder_rsi14_sma5_v1,73.03,67.53,True,True,5.51
6920,6920.T,レーザーテック,2026-04,NEW,1,63.17,68.63,True,True,5.46,2026-04,42690.0,42690.0,42690.0,0.0,39949.2,35839.53,27298.53,True,True,True,True,True,True,True,4624937.0,46450.0,-8.09,False,0.91,5.18,0.98,True,2,True,103.9,11.42,False,False,,tv_wilder_rsi14_sma5_v1,68.63,63.17,True,True,5.46
2267,2267.T,ヤクルト本社,2026-04,CONTINUE,6,40.68,46.05,True,True,5.37,2025-11,2444.0,2732.5,2732.5,11.8,2462.62,2442.2,2691.48,False,True,False,False,True,False,False,2839503.0,3315.0,-26.27,False,1.96,3.59,1.15,False,4,True,-9.82,1.04,False,False,,tv_wilder_rsi14_sma5_v1,46.05,40.68,True,True,5.37
6516,6516.T,山洋電気,2026-04,NEW,1,74.29,79.65,True,True,5.36,2026-04,6920.0,6920.0,6920.0,0.0,5131.2,4745.6,4017.0,True,True,True,True,True,True,True,125933.0,7300.0,-5.21,False,3.07,4.69,1.33,False,2,True,93.43,23.32,False,False,,tv_wilder_rsi14_sma5_v1,79.65,74.29,True,True,5.36
2980,2980.T,SREホールディングス,2026-04,NEW,1,46.36,51.7,True,True,5.35,2026-04,3560.0,3560.0,3560.0,0.0,3327.04,3004.24,3104.51,True,True,True,False,True,True,False,351827.0,3975.0,-10.44,False,1.11,4.64,1.11,False,1,False,17.54,4.93,False,False,,tv_wilder_rsi14_sma5_v1,51.7,46.36,True,True,5.35
8766,8766.T,東京海上ホールディングス,2026-04,CONTINUE,3,65.22,70.57,True,False,5.35,2026-02,6527.0,7202.0,7202.0,10.34,6082.56,5880.33,6019.56,True,True,True,False,True,True,True,5638513.0,6710.0,-2.73,False,1.11,2.34,1.08,False,2,True,16.24,4.74,False,False,,tv_wilder_rsi14_sma5_v1,70.57,65.22,False,True,5.35
4578,4578.T,大塚ホールディングス,2026-04,CONTINUE,9,72.15,77.46,True,True,5.31,2025-08,7766.0,11400.0,11400.0,46.79,7691.12,7151.87,7664.74,True,True,True,False,True,True,False,1491800.0,9669.0,-19.68,False,0.74,2.16,0.83,True,3,True,-0.37,1.43,False,False,,tv_wilder_rsi14_sma5_v1,77.46,72.15,True,True,5.31
2659,2659.T,サンエー,2026-04,CONTINUE,6,62.07,67.27,True,True,5.2,2025-11,2874.0,3290.0,3290.0,14.47,2754.32,2803.72,2903.97,True,True,False,False,True,False,False,183670.0,3220.0,-10.75,False,0.82,1.15,0.93,True,4,True,-1.05,2.46,False,False,,tv_wilder_rsi14_sma5_v1,67.27,62.07,True,True,5.2
6508,6508.T,明電舎,2026-04,CONTINUE,3,72.27,77.38,True,True,5.11,2026-02,7820.0,8460.0,8460.0,8.18,6828.4,6133.33,5715.6,True,True,True,True,True,True,True,283050.0,7900.0,-1.01,False,0.91,3.69,1.07,False,2,True,55.34,10.68,False,False,,tv_wilder_rsi14_sma5_v1,77.38,72.27,True,True,5.11
6644,6644.T,大崎電気工業,2026-04,CONTINUE,3,80.83,85.87,True,True,5.04,2026-02,1743.0,2036.0,2036.0,16.81,1431.96,1277.19,1169.86,True,True,True,True,True,True,True,364047.0,1800.0,-3.17,False,1.79,3.83,1.08,False,2,True,70.85,13.84,False,False,,tv_wilder_rsi14_sma5_v1,85.87,80.83,True,True,5.04
6817,6817.T,スミダコーポレーション,2026-04,NEW,1,55.63,60.65,True,True,5.02,2026-04,1346.0,1346.0,1346.0,0.0,1229.0,1194.71,1127.38,True,True,True,True,True,True,True,244930.0,1369.0,-1.68,False,1.38,2.71,1.19,False,2,True,29.3,7.75,False,False,,tv_wilder_rsi14_sma5_v1,60.65,55.63,True,True,5.02
5423,5423.T,東京製鐵,2026-04,CONTINUE,5,51.72,56.6,True,True,4.88,2025-12,1476.0,1697.0,1697.0,14.97,1440.92,1444.12,1531.27,True,True,False,False,True,False,False,334300.0,1692.0,-12.77,False,0.96,1.29,0.91,True,4,True,-3.08,3.04,False,False,,tv_wilder_rsi14_sma5_v1,56.6,51.72,True,True,4.88
8876,8876.T,リログループ,2026-04,CONTINUE,4,52.67,57.54,True,True,4.86,2026-01,1752.0,1957.5,1957.5,11.73,1755.58,1712.76,1739.16,False,True,True,False,True,False,False,426443.0,2037.5,-14.01,False,0.89,1.86,0.99,True,3,True,-0.72,0.74,False,False,,tv_wilder_rsi14_sma5_v1,57.54,52.67,True,True,4.86
7730,7730.T,マニー,2026-04,NEW,1,49.77,54.6,True,True,4.83,2026-04,1709.0,1709.0,1709.0,0.0,1649.84,1598.91,1450.28,True,True,True,True,True,True,True,431350.0,1955.0,-12.58,False,1.36,3.95,1.19,False,2,False,26.3,5.15,False,False,,tv_wilder_rsi14_sma5_v1,54.6,49.77,True,True,4.83
6965,6965.T,浜松ホトニクス,2026-04,CONTINUE,5,46.1,50.8,True,True,4.69,2025-12,1661.0,2023.0,2023.0,21.79,1668.18,1647.27,1592.67,False,True,True,True,True,True,True,2618783.0,1954.0,-14.99,False,0.56,2.34,0.61,True,2,False,1.4,-2.48,False,False,,tv_wilder_rsi14_sma5_v1,50.8,46.1,True,True,4.69
4565,4565.T,ネクセラファーマ,2026-04,CONTINUE,3,40.11,44.78,True,True,4.67,2026-02,966.0,971.0,971.0,0.52,867.6,846.96,891.12,True,True,True,False,True,False,True,665877.0,1048.0,-7.82,False,1.0,4.01,1.16,False,2,True,9.3,6.58,False,False,,tv_wilder_rsi14_sma5_v1,44.78,40.11,True,True,4.67
8282,8282.T,ケーズホールディングス,2026-04,CONTINUE,6,65.61,70.25,True,True,4.64,2025-11,1574.5,1809.0,1809.0,14.89,1537.48,1548.09,1462.66,True,True,True,False,False,True,True,577050.0,1655.0,-4.86,False,1.15,1.58,0.87,True,2,True,9.75,2.64,False,False,,tv_wilder_rsi14_sma5_v1,70.25,65.61,True,True,4.64
4549,4549.T,栄研化学,2026-04,CONTINUE,3,67.02,71.66,True,True,4.63,2026-02,3140.0,3080.0,3080.0,-1.91,2635.64,2489.32,2340.16,True,True,True,True,True,True,True,141723.0,3345.0,-6.13,False,3.19,3.64,1.29,False,2,True,38.94,15.78,False,False,,tv_wilder_rsi14_sma5_v1,71.66,67.02,True,True,4.63
9678,9678.T,カナモト,2026-04,CONTINUE,3,72.28,76.83,True,True,4.54,2026-02,4360.0,4640.0,4640.0,6.42,3972.8,3847.0,3570.82,True,True,True,True,True,True,True,109267.0,4285.0,1.75,True,1.01,2.29,1.11,False,2,True,28.67,6.42,False,True,BREAKOUT,tv_wilder_rsi14_sma5_v1,76.83,72.28,True,True,4.54
2175,2175.T,エス・エム・エス,2026-04,CONTINUE,4,44.77,49.24,True,True,4.47,2026-01,1634.0,1779.0,1779.0,8.87,1458.4,1417.33,1435.05,True,True,True,False,True,False,True,481680.0,1758.5,-7.08,False,1.39,3.7,1.44,False,2,True,12.94,9.86,False,False,,tv_wilder_rsi14_sma5_v1,49.24,44.77,True,True,4.47
6806,6806.T,ヒロセ電機,2026-04,CONTINUE,3,54.04,58.42,True,True,4.38,2026-02,23335.0,21825.0,21825.0,-6.47,19846.4,18278.53,18248.72,True,True,True,True,True,True,True,218577.0,24035.0,-2.91,False,0.96,3.28,0.9,True,2,True,31.32,13.55,False,False,,tv_wilder_rsi14_sma5_v1,58.42,54.04,True,True,4.38
5803,5803.T,フジクラ,2026-04,NEW,1,80.48,84.77,True,True,4.28,2026-04,5971.0,5971.0,5971.0,0.0,5308.23,4261.9,3129.08,True,True,True,True,True,True,True,55559703.0,6397.0,-6.66,False,0.85,5.99,0.94,True,2,True,264.54,35.86,False,False,,tv_wilder_rsi14_sma5_v1,84.77,80.48,True,True,4.28
3591,3591.T,ワコールホールディングス,2026-04,NEW,1,47.4,51.67,False,True,4.27,2026-04,4620.0,4620.0,4620.0,0.0,4417.52,4406.71,4947.88,True,True,False,False,True,True,False,189187.0,6055.0,-23.7,False,0.92,4.15,1.49,False,4,False,-4.33,5.21,False,False,,tv_wilder_rsi14_sma5_v1,51.67,47.4,True,False,4.27
4819,4819.T,デジタルガレージ,2026-04,NEW,1,34.62,38.89,False,True,4.27,2026-04,2459.0,2459.0,2459.0,0.0,2235.4,2238.05,2979.01,True,True,False,False,True,False,False,334713.0,5220.0,-52.89,False,2.1,5.71,1.35,False,4,True,-23.55,7.78,False,False,,tv_wilder_rsi14_sma5_v1,38.89,34.62,True,False,4.27
6594,6594.T,ニデック,2026-04,NEW,1,40.83,45.05,True,True,4.23,2026-04,2397.0,2397.0,2397.0,0.0,2245.16,2272.63,2408.36,True,True,False,False,True,True,False,5210797.0,3296.0,-27.28,False,1.06,3.9,1.18,False,4,True,1.14,4.52,False,False,,tv_wilder_rsi14_sma5_v1,45.05,40.83,True,True,4.23
2222,2222.T,寿スピリッツ,2026-04,NEW,1,47.9,52.11,True,True,4.21,2026-04,2012.5,2012.5,2012.5,0.0,1962.8,1927.65,1897.46,True,True,True,True,True,True,False,569917.0,2468.5,-18.47,False,0.94,3.32,1.01,False,3,True,5.73,4.82,False,False,,tv_wilder_rsi14_sma5_v1,52.11,47.9,True,True,4.21
6723,6723.T,ルネサスエレクトロニクス,2026-04,NEW,1,58.52,62.71,True,True,4.19,2026-04,3212.0,3212.0,3212.0,0.0,2672.64,2645.75,2172.11,True,True,True,True,True,True,True,13928903.0,3365.0,-4.55,False,1.99,6.14,1.25,False,2,True,59.77,15.38,True,True,MVP,tv_wilder_rsi14_sma5_v1,62.71,58.52,True,True,4.19
9984,9984.T,ソフトバンクグループ,2026-04,NEW,1,58.73,62.91,True,True,4.17,2026-04,5219.0,5219.0,5219.0,0.0,4397.4,4168.8,4280.27,True,True,True,False,True,True,True,66795203.0,6923.75,-24.62,False,1.56,6.91,1.28,False,2,True,67.61,26.67,False,False,,tv_wilder_rsi14_sma5_v1,62.91,58.73,True,True,4.17
4911,4911.T,資生堂,2026-04,CONTINUE,4,44.33,48.45,True,False,4.12,2026-01,2629.0,3181.0,3181.0,21.0,2517.6,2483.77,2456.62,True,True,True,True,True,True,False,3099880.0,2968.0,-11.42,False,0.9,3.62,0.87,True,3,True,3.27,3.98,False,False,,tv_wilder_rsi14_sma5_v1,48.45,44.33,False,True,4.12
7745,7745.T,Ａ＆Ｄホロンホールディングス,2026-04,CONTINUE,5,59.59,63.66,True,True,4.07,2025-12,2041.0,2855.0,2855.0,39.88,1871.96,1930.29,1908.18,True,True,True,False,True,False,False,147070.0,2178.0,-6.29,False,1.04,2.08,1.08,False,1,True,2.29,4.65,False,False,,tv_wilder_rsi14_sma5_v1,63.66,59.59,True,True,4.07
3150,3150.T,グリムス,2026-04,CONTINUE,3,56.12,60.18,True,True,4.06,2026-02,2708.0,2821.0,2821.0,4.17,2546.44,2478.8,2451.32,True,True,True,True,True,True,True,44497.0,2719.0,-0.4,False,1.02,2.4,1.02,False,2,True,12.11,3.96,False,False,,tv_wilder_rsi14_sma5_v1,60.18,56.12,True,True,4.06
4062,4062.T,イビデン,2026-04,NEW,1,72.94,76.98,True,True,4.04,2026-04,13480.0,13480.0,13480.0,0.0,9756.16,8724.85,6290.7,True,True,True,True,True,True,True,6147407.0,13130.0,2.67,True,1.33,5.63,1.15,False,2,True,254.76,48.2,False,True,BREAKOUT,tv_wilder_rsi14_sma5_v1,76.98,72.94,True,True,4.04
6197,6197.T,ソラスト,2026-04,CONTINUE,10,76.91,80.94,True,True,4.04,2025-07,430.0,1119.0,1119.0,160.23,420.36,425.39,455.62,True,True,False,False,True,False,False,244843.0,600.0,-28.33,False,0.88,1.16,0.94,True,4,True,-8.34,0.36,True,False,,tv_wilder_rsi14_sma5_v1,80.94,76.91,True,True,4.04
5301,5301.T,東海カーボン,2026-04,NEW,1,51.99,55.95,True,True,3.96,2026-04,1119.0,1119.0,1119.0,0.0,1016.49,1027.92,1023.85,True,True,True,False,True,True,True,1529480.0,1143.0,-2.1,False,1.08,1.86,1.09,False,1,True,11.33,2.97,True,False,,tv_wilder_rsi14_sma5_v1,55.95,51.99,True,True,3.96
5844,5844.T,京都フィナンシャルグループ,2026-04,CONTINUE,13,82.79,86.75,True,True,3.96,2025-04,2441.0,4336.0,4336.0,77.63,2193.5,2223.41,2314.5,True,True,True,False,False,False,False,1468053.0,2962.5,-17.6,False,1.11,3.24,0.7,True,3,True,-0.33,6.63,False,False,,tv_wilder_rsi14_sma5_v1,86.75,82.79,True,True,3.96
8381,8381.T,山陰合同銀行,2026-04,CONTINUE,10,74.01,77.96,True,True,3.96,2025-07,1279.0,1873.0,1873.0,46.44,1252.48,1236.85,1246.57,True,True,True,False,True,True,True,419417.0,1452.0,-11.91,False,0.87,2.37,1.19,False,2,True,-0.4,-0.17,False,False,,tv_wilder_rsi14_sma5_v1,77.96,74.01,True,True,3.96
6724,6724.T,セイコーエプソン,2026-04,NEW,1,44.29,48.21,True,True,3.92,2026-04,2096.5,2096.5,2096.5,0.0,2055.58,2041.76,1975.65,True,True,True,True,True,True,True,1504217.0,2206.5,-4.99,False,1.47,2.28,1.06,False,2,True,7.0,2.63,False,False,,tv_wilder_rsi14_sma5_v1,48.21,44.29,True,True,3.92
7600,7600.T,日本エム・ディ・エム,2026-04,CONTINUE,5,37.94,41.85,True,True,3.91,2025-12,487.0,550.0,550.0,12.94,480.16,495.85,529.88,True,False,False,False,False,False,False,95020.0,649.0,-24.96,False,0.88,1.44,0.81,True,4,False,-12.63,0.63,False,False,,tv_wilder_rsi14_sma5_v1,41.85,37.94,True,True,3.91
3853,3853.T,アステリア,2026-04,CONTINUE,2,58.91,62.81,True,True,3.89,2026-03,1408.0,1490.0,1490.0,5.82,1285.24,1184.03,1133.18,True,True,True,True,False,True,True,1090113.0,2510.0,-43.9,False,3.54,8.5,1.21,False,2,True,68.6,13.06,False,False,,tv_wilder_rsi14_sma5_v1,62.81,58.91,True,True,3.89
6440,6440.T,ＪＵＫＩ,2026-04,CONTINUE,11,61.51,65.4,True,True,3.88,2025-06,395.0,766.0,766.0,93.92,364.08,379.96,389.98,True,True,True,False,False,False,False,94487.0,570.0,-30.7,False,1.19,1.9,1.01,False,3,True,-5.85,4.59,False,False,,tv_wilder_rsi14_sma5_v1,65.4,61.51,True,True,3.88
7944,7944.T,ローランド,2026-04,CONTINUE,9,53.03,56.89,True,True,3.86,2025-08,3325.0,4085.0,4085.0,22.86,3259.2,3211.4,3516.88,True,True,False,False,True,True,False,102470.0,4120.0,-19.3,False,0.49,1.56,0.79,True,4,True,-7.82,1.77,False,False,,tv_wilder_rsi14_sma5_v1,56.89,53.03,True,True,3.86
9216,9216.T,ビーウィズ,2026-04,CONTINUE,8,54.37,58.17,True,True,3.8,2025-09,1507.0,1881.0,1881.0,24.82,1519.44,1491.48,1517.32,False,True,False,False,False,False,False,38887.0,1978.0,-23.81,False,0.9,1.01,0.93,True,1,False,-3.31,-0.47,False,False,,tv_wilder_rsi14_sma5_v1,58.17,54.37,True,True,3.8
5659,5659.T,日本精線,2026-04,NEW,1,59.57,63.36,True,True,3.79,2026-04,1410.0,1410.0,1410.0,0.0,1407.64,1315.43,1194.33,True,True,True,True,True,True,True,112447.0,1560.0,-9.62,False,1.24,3.74,0.92,True,2,True,22.61,3.33,False,False,,tv_wilder_rsi14_sma5_v1,63.36,59.57,True,True,3.79
9434,9434.T,ソフトバンク,2026-04,NEW,1,57.35,61.14,False,True,3.79,2026-04,221.9,221.9,221.9,0.0,218.03,215.17,219.73,True,True,True,False,True,True,False,81898740.0,247.9,-10.49,False,0.86,1.62,0.86,True,3,True,2.92,1.0,False,False,,tv_wilder_rsi14_sma5_v1,61.14,57.35,True,False,3.79
8366,8366.T,滋賀銀行,2026-04,CONTINUE,5,79.76,83.5,True,True,3.74,2025-12,1436.0,1925.0,1925.0,34.05,1430.96,1322.05,1230.35,True,True,True,True,True,True,True,733850.0,1546.0,-7.12,False,0.61,2.29,0.93,True,2,True,33.56,-1.91,False,False,,tv_wilder_rsi14_sma5_v1,83.5,79.76,True,True,3.74
7389,7389.T,あいちフィナンシャルグループ,2026-04,CONTINUE,10,87.57,91.29,True,True,3.72,2025-07,543.8,1488.0,1488.0,173.63,527.82,518.6,512.76,True,True,True,True,True,False,True,654450.0,608.0,-10.56,False,0.94,2.03,1.15,False,2,True,5.68,0.74,False,False,,tv_wilder_rsi14_sma5_v1,91.29,87.57,True,True,3.72
9319,9319.T,中央倉庫,2026-04,CONTINUE,5,71.04,74.67,True,False,3.63,2025-12,1432.0,1982.0,1982.0,38.41,1385.76,1367.75,1399.58,True,True,True,False,True,False,False,28263.0,1587.0,-9.77,False,0.74,1.59,0.94,True,3,True,-1.48,1.79,False,False,,tv_wilder_rsi14_sma5_v1,74.67,71.04,False,True,3.63
6407,6407.T,ＣＫＤ,2026-04,NEW,1,66.04,69.6,True,True,3.57,2026-04,6040.0,6040.0,6040.0,0.0,5249.0,4770.4,3536.51,True,True,True,True,True,True,True,606503.0,6010.0,0.5,True,0.82,4.59,0.89,True,2,True,104.32,5.32,False,True,BREAKOUT,tv_wilder_rsi14_sma5_v1,69.6,66.04,True,True,3.57
3180,3180.T,ビューティガレージ,2026-04,NEW,1,45.48,49.03,True,True,3.55,2026-04,1558.0,1558.0,1558.0,0.0,1540.16,1469.28,1521.45,True,True,True,False,True,True,False,52707.0,1794.0,-13.15,False,1.63,2.36,1.19,False,3,True,6.3,3.47,False,False,,tv_wilder_rsi14_sma5_v1,49.03,45.48,True,True,3.55
2531,2531.T,宝ホールディングス,2026-04,NEW,1,61.68,65.19,True,True,3.51,2026-04,1770.0,1770.0,1770.0,0.0,1734.3,1639.41,1584.87,True,True,True,True,True,True,True,614133.0,1888.0,-6.25,False,0.87,2.79,1.06,False,2,True,23.93,2.01,False,False,,tv_wilder_rsi14_sma5_v1,65.19,61.68,True,True,3.51
4051,4051.T,GMOフィナンシャルゲート,2026-04,CONTINUE,3,41.87,45.35,True,True,3.48,2026-02,5290.0,5690.0,5690.0,7.56,5103.4,5161.8,5441.12,True,True,False,False,True,False,True,45037.0,6810.0,-22.32,False,1.14,3.66,1.2,False,1,True,-3.01,1.52,False,False,,tv_wilder_rsi14_sma5_v1,45.35,41.87,True,True,3.48
7995,7995.T,バルカー,2026-04,NEW,1,67.54,70.86,True,True,3.31,2026-04,5790.0,5790.0,5790.0,0.0,5269.4,4871.93,4159.43,True,True,True,True,True,True,True,66357.0,5810.0,-0.34,False,1.44,2.48,1.06,False,2,True,60.41,7.31,False,False,,tv_wilder_rsi14_sma5_v1,70.86,67.54,True,True,3.31
3110,3110.T,日東紡績,2026-04,NEW,1,70.06,73.36,False,True,3.3,2026-04,5708.0,5708.0,5708.0,0.0,4959.04,4227.52,2640.31,True,True,True,True,True,True,True,10338133.0,6190.0,-7.79,False,1.04,6.65,0.89,True,2,True,295.29,13.84,False,False,,tv_wilder_rsi14_sma5_v1,73.36,70.06,True,False,3.3
5889,5889.T,JAPAN EYEWEAR HOLDINGS,2026-04,CONTINUE,2,55.06,58.34,True,True,3.29,2026-03,2003.0,2233.0,2233.0,11.48,1997.6,2003.4,2095.07,True,False,False,False,True,True,False,165087.0,2616.0,-23.43,False,0.7,3.85,0.85,True,4,True,-6.87,1.32,False,False,,tv_wilder_rsi14_sma5_v1,58.34,55.06,True,True,3.29
6619,6619.T,ダブル・スコープ,2026-04,CONTINUE,3,35.74,39.01,True,True,3.27,2026-02,180.0,228.0,228.0,26.67,169.32,179.68,223.28,True,True,False,False,True,False,False,1831817.0,299.0,-39.8,False,0.63,5.04,0.8,True,4,True,-24.11,1.87,False,False,,tv_wilder_rsi14_sma5_v1,39.01,35.74,True,True,3.27
2220,2220.T,亀田製菓,2026-04,CONTINUE,3,50.7,53.92,True,False,3.22,2026-02,1448.33,1428.0,1428.0,-1.4,1356.0,1320.33,1331.53,True,True,True,False,True,True,True,220160.0,1535.0,-5.65,False,0.86,1.95,1.0,True,2,True,7.19,3.96,False,False,,tv_wilder_rsi14_sma5_v1,53.92,50.7,False,True,3.22
4021,4021.T,日産化学,2026-04,NEW,1,58.73,61.93,True,True,3.2,2026-04,6775.0,6775.0,6775.0,0.0,6402.6,6188.87,5566.26,True,True,True,True,True,True,True,583133.0,7180.0,-5.64,False,1.01,2.22,1.02,False,2,True,38.56,5.05,False,False,,tv_wilder_rsi14_sma5_v1,61.93,58.73,True,True,3.2
3778,3778.T,さくらインターネット,2026-04,NEW,1,46.58,49.73,True,True,3.15,2026-04,3130.0,3130.0,3130.0,0.0,3198.8,2954.07,3092.24,False,True,True,False,True,True,False,3413590.0,4720.0,-33.69,False,0.81,9.0,0.94,True,3,True,-0.83,4.3,False,False,,tv_wilder_rsi14_sma5_v1,49.73,46.58,True,True,3.15
9041,9041.T,近鉄グループホールディングス,2026-04,CONTINUE,10,45.99,49.12,True,True,3.13,2025-07,2896.5,3333.0,3333.0,15.07,2791.36,2868.35,3156.56,True,True,False,False,True,False,False,779013.0,3747.0,-22.7,False,0.91,1.39,1.03,False,4,True,-12.05,0.84,False,False,,tv_wilder_rsi14_sma5_v1,49.12,45.99,True,True,3.13
6143,6143.T,ソディック,2026-04,NEW,1,66.12,69.23,True,True,3.11,2026-04,1558.0,1558.0,1558.0,0.0,1396.8,1301.12,1063.47,True,True,True,True,True,True,True,333333.0,1569.0,-0.7,False,1.22,3.63,0.97,True,2,True,66.64,7.86,False,False,,tv_wilder_rsi14_sma5_v1,69.23,66.12,True,True,3.11
9042,9042.T,阪急阪神ホールディングス,2026-04,CONTINUE,4,55.3,58.42,True,False,3.11,2026-01,4316.0,4518.0,4518.0,4.68,4108.52,4081.45,4100.22,True,True,True,False,True,False,True,970617.0,4600.0,-6.17,False,1.02,1.45,1.08,False,2,True,3.75,2.26,False,False,,tv_wilder_rsi14_sma5_v1,58.42,55.3,False,True,3.11
4956,4956.T,コニシ,2026-04,CONTINUE,3,58.98,62.08,True,True,3.1,2026-02,1384.0,1423.0,1423.0,2.82,1359.88,1328.49,1259.6,True,True,True,True,True,True,True,122623.0,1452.0,-4.68,False,0.86,2.52,1.03,False,2,True,10.76,0.49,False,False,,tv_wilder_rsi14_sma5_v1,62.08,58.98,True,True,3.1
5384,5384.T,フジミインコーポレーテッド,2026-04,NEW,1,57.42,60.48,True,True,3.06,2026-04,3215.0,3215.0,3215.0,0.0,2933.08,2912.96,2500.02,True,True,True,True,False,True,True,298773.0,3335.0,-3.6,False,1.13,2.94,1.04,False,2,True,38.46,2.31,False,False,,tv_wilder_rsi14_sma5_v1,60.48,57.42,True,True,3.06
4689,4689.T,ＬＩＮＥヤフー,2026-04,NEW,1,42.36,45.39,True,True,3.03,2026-04,412.3,412.3,412.3,0.0,407.78,399.94,440.48,True,True,False,False,True,False,False,16626563.0,571.5,-27.86,False,0.78,2.34,0.96,True,4,True,-9.54,2.04,False,False,,tv_wilder_rsi14_sma5_v1,45.39,42.36,True,True,3.03
9279,9279.T,ギフトホールディングス,2026-04,CONTINUE,5,63.36,66.4,True,False,3.03,2025-12,3360.0,4370.0,4370.0,30.06,3271.4,3306.87,3341.55,True,True,True,False,True,True,False,99793.0,4060.0,-17.24,False,1.14,3.85,1.0,True,3,True,1.43,3.25,False,False,,tv_wilder_rsi14_sma5_v1,66.4,63.36,False,True,3.03
3543,3543.T,コメダホールディングス,2026-04,NEW,1,55.88,58.9,False,True,3.02,2026-04,3050.0,3050.0,3050.0,0.0,3055.36,2955.09,3001.84,False,True,True,False,True,True,True,206880.0,3230.0,-5.57,False,0.67,1.64,1.0,True,1,True,4.39,0.85,False,False,,tv_wilder_rsi14_sma5_v1,58.9,55.88,True,False,3.02
6136,6136.T,オーエスジー,2026-04,NEW,1,69.9,72.91,True,True,3.01,2026-04,3268.0,3268.0,3268.0,0.0,2841.38,2719.35,2351.24,True,True,True,True,True,True,True,475633.0,3275.0,-0.21,False,1.49,3.03,1.17,False,2,True,55.69,8.0,False,False,,tv_wilder_rsi14_sma5_v1,72.91,69.9,True,True,3.01
6490,6490.T,ＰＩＬＬＡＲ,2026-04,NEW,1,70.17,73.18,True,True,3.01,2026-04,9120.0,9120.0,9120.0,0.0,8313.6,7516.4,5560.27,True,True,True,True,True,True,True,125550.0,9550.0,-4.5,False,1.19,4.46,0.91,True,2,True,97.64,2.79,False,False,,tv_wilder_rsi14_sma5_v1,73.18,70.17,True,True,3.01
9412,9412.T,スカパーＪＳＡＴ,2026-04,CONTINUE,7,92.52,95.52,True,True,3.0,2025-10,1516.0,3450.0,3450.0,127.57,1450.32,1424.29,1256.1,True,True,True,True,True,True,True,1181543.0,1549.0,-2.13,False,1.07,2.92,0.82,True,2,True,36.38,1.81,False,False,,tv_wilder_rsi14_sma5_v1,95.52,92.52,True,True,3.0
2670,2670.T,エービーシー・マート,2026-04,NEW,1,45.52,48.51,True,True,2.99,2026-04,2668.0,2668.0,2668.0,0.0,2720.9,2600.25,2746.8,False,True,False,False,True,True,False,658747.0,3270.0,-18.41,False,0.82,2.47,0.84,True,4,True,1.76,2.51,False,False,,tv_wilder_rsi14_sma5_v1,48.51,45.52,True,True,2.99
9535,9535.T,広島ガス,2026-04,CONTINUE,3,55.08,58.02,True,False,2.94,2026-02,386.0,397.0,397.0,2.85,373.88,371.56,368.24,True,True,True,True,True,True,True,139877.0,415.0,-6.99,False,1.19,1.41,1.12,False,2,True,6.29,1.85,True,False,,tv_wilder_rsi14_sma5_v1,58.02,55.08,False,True,2.94
6464,6464.T,ツバキ・ナカシマ,2026-04,NEW,1,27.4,30.34,True,True,2.93,2026-04,326.0,326.0,326.0,0.0,316.28,332.09,353.41,True,False,False,False,False,False,False,305460.0,418.0,-22.01,False,0.62,2.72,0.84,True,1,True,-10.51,0.73,False,False,,tv_wilder_rsi14_sma5_v1,30.34,27.4,True,True,2.93
4996,4996.T,クミアイ化学工業,2026-04,CONTINUE,3,43.44,46.34,True,False,2.9,2026-02,734.0,759.0,759.0,3.41,710.8,698.69,760.29,True,True,False,False,True,False,False,506150.0,871.0,-15.73,False,0.99,1.48,1.02,False,4,True,-2.47,1.03,False,False,,tv_wilder_rsi14_sma5_v1,46.34,43.44,False,True,2.9
6395,6395.T,タダノ,2026-04,CONTINUE,5,59.57,62.42,True,True,2.86,2025-12,1061.0,1374.0,1374.0,29.5,1074.12,1066.13,1037.1,False,False,True,True,True,True,False,271000.0,1204.0,-11.88,False,0.78,1.7,0.8,True,3,True,-0.49,-0.52,False,False,,tv_wilder_rsi14_sma5_v1,62.42,59.57,True,True,2.86
6258,6258.T,平田機工,2026-04,NEW,1,61.89,64.74,True,True,2.84,2026-04,3235.0,3235.0,3235.0,0.0,2797.6,2741.68,2326.16,True,True,True,True,True,True,True,374390.0,3225.0,0.31,True,0.83,4.18,0.93,True,2,True,62.32,12.97,False,True,BREAKOUT,tv_wilder_rsi14_sma5_v1,64.74,61.89,True,True,2.84
4182,4182.T,三菱瓦斯化学,2026-04,NEW,1,66.71,69.53,True,True,2.83,2026-04,4400.0,4400.0,4400.0,0.0,4100.12,3886.93,3142.54,True,True,True,True,False,True,True,1280820.0,5446.0,-19.21,False,0.95,2.97,0.9,True,2,True,63.46,3.58,False,False,,tv_wilder_rsi14_sma5_v1,69.53,66.71,True,True,2.83
262A,262A.T,インターメスティック,2026-04,NEW,1,48.73,51.55,,True,2.82,2026-04,2111.0,2111.0,2111.0,0.0,2061.88,1951.51,2157.84,True,True,False,False,True,True,True,184633.0,3200.0,-34.03,False,0.88,4.25,0.84,True,4,True,15.08,4.15,False,False,,tv_wilder_rsi14_sma5_v1,51.55,48.73,True,,2.82
3105,3105.T,日清紡ホールディングス,2026-04,NEW,1,71.99,74.79,True,True,2.8,2026-04,2063.0,2063.0,2063.0,0.0,1716.2,1610.52,1324.24,True,True,True,True,True,True,True,971397.0,2055.0,0.39,True,1.33,4.09,1.42,False,2,True,88.79,18.21,False,True,BREAKOUT,tv_wilder_rsi14_sma5_v1,74.79,71.99,True,True,2.8
8173,8173.T,Ｊｏｓｈｉｎ,2026-04,CONTINUE,13,65.39,68.19,True,True,2.8,2025-04,2223.0,2904.0,2904.0,30.63,2147.56,2217.43,2437.88,True,True,False,False,False,False,False,160423.0,2861.0,-22.3,False,0.43,1.74,0.57,True,4,True,-9.55,2.29,False,False,,tv_wilder_rsi14_sma5_v1,68.19,65.39,True,True,2.8
6264,6264.T,マルマエ,2026-04,NEW,1,67.81,70.6,True,True,2.79,2026-04,1910.0,1910.0,1910.0,0.0,1713.48,1607.97,1168.78,True,True,True,True,True,True,True,777997.0,2100.0,-9.05,False,1.15,7.07,0.86,True,2,True,113.41,13.34,False,False,,tv_wilder_rsi14_sma5_v1,70.6,67.81,True,True,2.79
6871,6871.T,日本マイクロニクス,2026-04,NEW,1,64.25,67.03,True,True,2.77,2026-04,12960.0,12960.0,12960.0,0.0,11650.0,10720.4,7843.57,True,True,True,True,True,True,True,855273.0,13750.0,-5.75,False,1.04,5.36,0.96,True,2,True,130.68,11.52,False,False,,tv_wilder_rsi14_sma5_v1,67.03,64.25,True,True,2.77
6278,6278.T,ユニオンツール,2026-04,NEW,1,69.82,72.57,True,True,2.75,2026-04,16650.0,16650.0,16650.0,0.0,15665.2,13693.47,9915.65,True,True,True,True,True,True,True,316470.0,17940.0,-7.19,False,1.04,5.05,0.79,True,2,True,163.93,10.24,False,False,,tv_wilder_rsi14_sma5_v1,72.57,69.82,True,True,2.75
7826,7826.T,フルヤ金属,2026-04,CONTINUE,8,66.95,69.67,True,True,2.72,2025-09,2799.0,7350.0,7350.0,162.59,2725.76,2561.49,2781.74,True,True,True,False,True,True,False,330510.0,4195.0,-33.28,False,0.69,3.04,1.07,False,3,True,-5.34,3.27,False,False,,tv_wilder_rsi14_sma5_v1,69.67,66.95,True,True,2.72
8008,8008.T,ヨンドシーホールディングス,2026-04,NEW,1,50.76,53.48,True,True,2.72,2026-04,1847.0,1847.0,1847.0,0.0,1849.68,1839.04,1778.14,False,True,True,True,True,True,True,107367.0,1928.0,-4.2,False,0.87,1.61,0.99,True,2,True,4.37,0.11,False,False,,tv_wilder_rsi14_sma5_v1,53.48,50.76,True,True,2.72
6564,6564.T,ミダックホールディングス,2026-04,NEW,1,50.99,53.67,True,True,2.68,2026-04,2120.0,2120.0,2120.0,0.0,2060.36,2015.88,1985.37,True,True,True,True,True,True,True,47490.0,2420.0,-12.4,False,1.04,2.58,0.96,True,1,True,4.13,1.53,False,False,,tv_wilder_rsi14_sma5_v1,53.67,50.99,True,True,2.68
6905,6905.T,コーセル,2026-04,NEW,1,51.5,54.18,True,True,2.68,2026-04,1270.0,1270.0,1270.0,0.0,1224.64,1219.52,1196.38,True,True,True,True,False,True,True,124650.0,1382.0,-8.1,False,0.95,2.0,0.91,True,2,False,12.67,1.03,False,False,,tv_wilder_rsi14_sma5_v1,54.18,51.5,True,True,2.68
9101,9101.T,日本郵船,2026-04,CONTINUE,3,58.07,60.75,True,False,2.68,2026-02,5369.0,5669.0,5669.0,5.59,5118.28,5039.97,5138.45,True,True,True,False,True,True,True,3314413.0,5640.0,-4.8,False,1.25,1.5,0.8,True,2,True,4.69,1.2,False,False,,tv_wilder_rsi14_sma5_v1,60.75,58.07,False,True,2.68
9468,9468.T,ＫＡＤＯＫＡＷＡ,2026-04,CONTINUE,2,50.31,52.94,True,False,2.63,2026-03,3797.0,3558.0,3558.0,-6.29,3217.12,3175.48,3415.66,True,True,True,False,True,True,False,903093.0,4117.0,-7.77,False,1.13,3.2,1.28,False,1,True,11.49,9.08,False,False,,tv_wilder_rsi14_sma5_v1,52.94,50.31,False,True,2.63
4112,4112.T,保土谷化学工業,2026-04,CONTINUE,10,64.61,67.23,True,True,2.62,2025-07,1521.0,2502.0,2502.0,64.5,1476.48,1468.52,1697.71,True,True,False,False,True,False,False,47763.0,2850.0,-46.63,False,0.99,1.83,1.0,False,4,True,-15.81,2.22,False,False,,tv_wilder_rsi14_sma5_v1,67.23,64.61,True,True,2.62
3863,3863.T,日本製紙,2026-04,CONTINUE,4,58.78,61.38,True,True,2.6,2026-01,1180.0,1312.0,1312.0,11.19,1174.12,1137.69,1121.71,True,True,True,True,True,False,True,404500.0,1289.0,-8.46,False,0.94,1.83,1.07,False,2,True,6.89,-2.36,False,False,,tv_wilder_rsi14_sma5_v1,61.38,58.78,True,True,2.6
3099,3099.T,三越伊勢丹ホールディングス,2026-04,CONTINUE,3,57.54,60.12,True,True,2.57,2026-02,3080.0,2969.0,2969.0,-3.6,2840.78,2558.09,2449.23,True,True,True,True,True,True,True,2430310.0,3255.0,-5.38,False,0.77,3.38,0.79,True,2,True,28.26,3.22,False,False,,tv_wilder_rsi14_sma5_v1,60.12,57.54,True,True,2.57
4385,4385.T,メルカリ,2026-04,CONTINUE,6,65.11,67.67,True,True,2.56,2025-11,2655.0,3774.0,3774.0,42.15,2466.5,2349.76,2381.57,True,True,True,False,True,True,True,2859397.0,2871.0,-7.52,False,0.76,3.64,0.81,True,2,True,16.28,3.18,False,False,,tv_wilder_rsi14_sma5_v1,67.67,65.11,True,True,2.56
6141,6141.T,DMG森精機,2026-04,NEW,1,48.58,51.13,True,True,2.55,2026-04,2933.0,2933.0,2933.0,0.0,2619.1,2746.37,2910.95,True,True,True,False,False,True,False,1375583.0,3660.0,-19.86,False,1.28,3.08,0.99,True,3,True,3.71,5.59,True,False,,tv_wilder_rsi14_sma5_v1,51.13,48.58,True,True,2.55
6652,6652.T,ＩＤＥＣ,2026-04,NEW,1,61.13,63.68,True,True,2.55,2026-04,3355.0,3355.0,3355.0,0.0,3182.52,3110.01,2724.29,True,True,True,True,True,True,True,86327.0,3330.0,0.75,True,1.35,2.21,1.07,False,2,True,34.48,4.83,False,True,BREAKOUT,tv_wilder_rsi14_sma5_v1,63.68,61.13,True,True,2.55
9147,9147.T,NIPPON EXPRESSホールディングス,2026-04,NEW,1,69.7,72.24,True,True,2.54,2026-04,4101.0,4101.0,4101.0,0.0,3792.32,3678.92,3443.99,True,True,True,True,True,True,True,1162327.0,4580.0,-10.46,False,1.79,3.25,1.33,False,2,True,29.43,2.88,False,False,,tv_wilder_rsi14_sma5_v1,72.24,69.7,True,True,2.54
1899,1899.T,福田組,2026-04,CONTINUE,3,71.19,73.73,False,True,2.53,2026-02,3925.0,4190.0,4190.0,6.75,3934.6,3879.93,3254.24,False,True,True,True,False,True,True,74427.0,4445.0,-11.7,False,1.17,4.24,1.22,False,2,False,28.94,-5.95,False,False,,tv_wilder_rsi14_sma5_v1,73.73,71.19,True,False,2.53
1878,1878.T,大東建託,2026-04,CONTINUE,4,55.6,58.08,True,False,2.48,2026-01,3135.0,3518.0,3518.0,12.22,3035.38,2994.77,3103.03,True,True,True,False,True,False,False,1415123.0,3445.0,-9.0,False,1.23,1.6,1.16,False,1,True,-0.77,1.35,True,False,,tv_wilder_rsi14_sma5_v1,58.08,55.6,False,True,2.48
6323,6323.T,ローツェ,2026-04,NEW,1,64.18,66.66,True,True,2.48,2026-04,3670.0,3670.0,3670.0,0.0,3350.16,3240.23,2500.26,True,True,True,True,True,True,True,2378380.0,4127.0,-11.07,False,0.84,6.87,0.89,True,2,True,65.41,4.63,False,False,,tv_wilder_rsi14_sma5_v1,66.66,64.18,True,True,2.48
3104,3104.T,富士紡ホールディングス,2026-04,CONTINUE,12,87.08,89.51,True,True,2.43,2025-05,1743.33,3905.0,3905.0,124.0,1643.73,1633.8,1622.48,True,True,True,True,True,False,True,94010.0,1866.67,-6.61,False,0.9,3.03,0.8,True,2,True,9.28,1.36,False,False,,tv_wilder_rsi14_sma5_v1,89.51,87.08,True,True,2.43
5702,5702.T,大紀アルミニウム工業所,2026-04,CONTINUE,5,62.18,64.58,True,True,2.4,2025-12,1206.0,1465.0,1465.0,21.48,1108.44,1121.53,1047.48,True,True,True,False,False,False,True,91333.0,1214.0,-0.66,False,1.98,1.81,1.15,False,2,True,13.45,4.26,False,False,,tv_wilder_rsi14_sma5_v1,64.58,62.18,True,True,2.4
6506,6506.T,安川電機,2026-04,NEW,1,54.77,57.13,True,True,2.36,2026-04,5520.0,5520.0,5520.0,0.0,4865.96,4950.15,4174.15,True,True,True,False,True,True,True,4089977.0,5657.0,-2.42,False,1.11,4.31,1.08,False,2,True,46.44,11.18,False,False,,tv_wilder_rsi14_sma5_v1,57.13,54.77,True,True,2.36
6952,6952.T,カシオ計算機,2026-04,NEW,1,61.07,63.44,True,True,2.36,2026-04,1586.0,1586.0,1586.0,0.0,1612.46,1510.8,1332.55,False,True,True,True,True,True,True,2837413.0,1787.0,-11.25,False,0.71,2.72,0.84,True,2,False,29.94,-0.82,False,False,,tv_wilder_rsi14_sma5_v1,63.44,61.07,True,True,2.36
3696,3696.T,セレス,2026-04,NEW,1,45.15,47.49,False,True,2.34,2026-04,1795.0,1795.0,1795.0,0.0,1511.48,1641.32,2063.54,True,True,False,False,False,False,False,112040.0,2850.0,-37.02,False,0.94,3.33,1.21,False,4,True,-14.84,4.33,False,False,,tv_wilder_rsi14_sma5_v1,47.49,45.15,True,False,2.34
9274,9274.T,ＫＰＰグループホールディングス,2026-04,NEW,1,65.2,67.53,True,True,2.33,2026-04,967.0,967.0,967.0,0.0,927.72,903.99,827.6,True,True,True,True,True,True,True,263107.0,998.0,-3.11,False,0.99,2.68,1.11,False,2,True,26.37,2.41,False,False,,tv_wilder_rsi14_sma5_v1,67.53,65.2,True,True,2.33
7616,7616.T,コロワイド,2026-04,CONTINUE,4,47.43,49.71,True,True,2.28,2026-01,1767.5,1850.5,1850.5,4.7,1765.08,1734.41,1824.23,True,True,False,False,True,False,True,400913.0,2042.0,-13.44,False,1.03,1.2,0.93,True,4,True,-0.09,-0.02,False,False,,tv_wilder_rsi14_sma5_v1,49.71,47.43,True,True,2.28
7747,7747.T,朝日インテック,2026-04,CONTINUE,3,60.39,62.68,True,False,2.28,2026-02,3366.0,3298.0,3298.0,-2.02,2791.74,2839.97,2558.72,True,True,True,False,False,True,True,1666430.0,3370.0,-0.12,False,1.7,4.44,1.51,False,2,True,28.87,8.58,False,False,,tv_wilder_rsi14_sma5_v1,62.68,60.39,False,True,2.28
9983,9983.T,ファーストリテイリング,2026-04,NEW,1,69.87,72.11,True,True,2.24,2026-04,73590.0,73590.0,73590.0,0.0,69192.4,65819.47,56630.85,True,True,True,True,True,True,True,1214717.0,75700.0,-2.79,False,1.1,2.99,0.84,True,2,True,41.63,1.34,False,False,,tv_wilder_rsi14_sma5_v1,72.11,69.87,True,True,2.24
6183,6183.T,ベルシステム２４ホールディングス,2026-04,CONTINUE,12,54.66,56.84,True,True,2.19,2025-05,1247.0,1497.0,1497.0,20.05,1223.72,1233.13,1308.95,True,True,False,False,True,True,False,156703.0,1633.0,-23.64,False,0.76,1.48,0.88,True,4,True,-7.83,0.48,False,False,,tv_wilder_rsi14_sma5_v1,56.84,54.66,True,True,2.19
6254,6254.T,野村マイクロ・サイエンス,2026-04,NEW,1,54.82,57.01,True,True,2.19,2026-04,3655.0,3655.0,3655.0,0.0,3488.2,3353.83,3198.05,True,True,True,True,True,True,True,717153.0,4155.0,-12.03,False,0.7,4.06,0.94,True,2,True,25.05,3.51,False,False,,tv_wilder_rsi14_sma5_v1,57.01,54.82,True,True,2.19
7085,7085.T,カーブスホールディングス,2026-04,NEW,1,52.55,54.71,True,True,2.16,2026-04,822.0,822.0,822.0,0.0,809.32,786.48,780.92,True,True,True,True,True,True,True,378300.0,910.0,-9.67,False,0.85,3.61,0.91,True,2,True,15.16,3.99,False,False,,tv_wilder_rsi14_sma5_v1,54.71,52.55,True,True,2.16
4967,4967.T,小林製薬,2026-04,CONTINUE,6,46.62,48.76,True,False,2.14,2025-11,5220.0,5802.0,5802.0,11.15,5276.76,5353.4,5408.19,False,False,False,False,False,True,False,253480.0,6350.0,-17.8,False,0.87,1.84,0.93,True,4,True,-2.76,0.71,False,False,,tv_wilder_rsi14_sma5_v1,48.76,46.62,False,True,2.14
6481,6481.T,ＴＨＫ,2026-04,NEW,1,66.47,68.59,True,True,2.12,2026-04,5873.0,5873.0,5873.0,0.0,5331.44,4967.61,4413.72,True,True,True,True,True,True,True,920937.0,5866.0,0.12,True,1.12,3.04,0.96,True,2,True,45.32,4.83,True,True,BOTH,tv_wilder_rsi14_sma5_v1,68.59,66.47,True,True,2.12
4480,4480.T,メドレー,2026-04,NEW,1,39.68,41.8,True,True,2.11,2026-04,2252.0,2252.0,2252.0,0.0,2131.76,2145.03,2411.74,True,True,False,False,True,False,False,330927.0,3720.0,-39.46,False,0.92,3.11,1.09,False,4,False,-14.41,2.8,False,False,,tv_wilder_rsi14_sma5_v1,41.8,39.68,True,True,2.11
4392,4392.T,ＦＩＧ,2026-04,NEW,1,53.5,55.57,True,True,2.07,2026-04,344.0,344.0,344.0,0.0,329.56,331.35,313.94,True,True,True,False,True,True,True,219737.0,379.0,-9.23,False,1.64,3.07,1.16,False,2,True,14.39,2.85,False,False,,tv_wilder_rsi14_sma5_v1,55.57,53.5,True,True,2.07
6996,6996.T,ニチコン,2026-04,NEW,1,69.96,71.99,True,True,2.04,2026-04,2421.0,2421.0,2421.0,0.0,2031.28,1916.93,1614.85,True,True,True,True,True,True,True,341800.0,2345.0,3.24,True,1.74,3.69,1.2,False,2,True,73.75,14.07,True,True,BOTH,tv_wilder_rsi14_sma5_v1,71.99,69.96,True,True,2.04
5310,5310.T,東洋炭素,2026-04,NEW,1,55.82,57.83,True,True,2.02,2026-04,6070.0,6070.0,6070.0,0.0,5746.4,5659.47,4989.65,True,True,True,True,True,True,True,115407.0,6390.0,-5.01,False,0.87,3.05,0.99,True,2,True,26.74,1.99,False,False,,tv_wilder_rsi14_sma5_v1,57.83,55.82,True,True,2.02
6958,6958.T,日本シイエムケイ,2026-04,NEW,1,58.69,60.7,True,True,2.01,2026-04,627.0,627.0,627.0,0.0,587.8,579.89,471.1,True,True,True,True,True,True,True,650103.0,652.0,-3.83,False,1.2,3.19,1.09,False,2,True,49.63,5.46,False,False,,tv_wilder_rsi14_sma5_v1,60.7,58.69,True,True,2.01
9107,9107.T,川崎汽船,2026-04,CONTINUE,4,60.6,62.61,True,False,2.01,2026-01,2229.0,2562.5,2562.5,14.96,2219.6,2145.31,2118.36,True,True,True,True,True,True,True,4757933.0,2362.0,-5.63,False,1.06,1.94,0.88,True,2,False,8.41,0.17,False,False,,tv_wilder_rsi14_sma5_v1,62.61,60.6,False,True,2.01
4091,4091.T,日本酸素ホールディングス,2026-04,CONTINUE,3,59.2,61.19,False,True,1.99,2026-02,5993.0,5540.0,5540.0,-7.56,5283.92,4984.03,5191.43,True,True,True,False,True,True,True,888540.0,5951.0,0.71,True,0.93,2.65,0.86,True,1,True,21.11,6.88,False,False,,tv_wilder_rsi14_sma5_v1,61.19,59.2,True,False,1.99
9048,9048.T,名古屋鉄道,2026-04,CONTINUE,5,45.79,47.76,True,True,1.97,2025-12,1682.0,1770.5,1770.5,5.26,1632.5,1680.12,1683.29,True,True,False,False,False,False,False,846820.0,1851.0,-9.13,False,0.86,1.5,1.13,False,4,True,-3.26,1.69,False,False,,tv_wilder_rsi14_sma5_v1,47.76,45.79,True,True,1.97
6507,6507.T,シンフォニアテクノロジー,2026-04,NEW,1,67.53,69.43,True,True,1.9,2026-04,14250.0,14250.0,14250.0,0.0,12778.4,11914.67,10232.4,True,True,True,True,True,True,True,171840.0,14150.0,0.71,True,0.76,3.98,1.05,False,2,True,61.48,5.23,False,True,BREAKOUT,tv_wilder_rsi14_sma5_v1,69.43,67.53,True,True,1.9
9502,9502.T,中部電力,2026-04,NEW,1,69.45,71.36,False,True,1.9,2026-04,2690.5,2690.5,2690.5,0.0,2713.0,2525.29,2271.39,False,True,True,True,True,True,True,3048623.0,2952.5,-8.87,False,0.97,2.8,1.07,False,2,False,36.55,-3.11,False,False,,tv_wilder_rsi14_sma5_v1,71.36,69.45,True,False,1.9
7199,7199.T,プレミアグループ,2026-04,NEW,1,44.06,45.95,True,True,1.89,2026-04,1842.0,1842.0,1842.0,0.0,1782.6,1811.81,1975.7,True,True,False,False,True,False,False,231600.0,2468.0,-25.36,False,1.03,2.1,1.0,False,4,True,-5.92,2.59,False,False,,tv_wilder_rsi14_sma5_v1,45.95,44.06,True,True,1.89
7453,7453.T,良品計画,2026-04,NEW,1,66.84,68.73,False,True,1.89,2026-04,3617.0,3617.0,3617.0,0.0,3646.12,3460.93,3287.02,False,True,True,True,True,True,True,4368210.0,4105.0,-11.89,False,0.8,4.26,0.94,True,1,True,22.43,-3.82,False,False,,tv_wilder_rsi14_sma5_v1,68.73,66.84,True,False,1.89
7956,7956.T,ピジョン,2026-04,CONTINUE,3,46.42,48.3,True,True,1.88,2026-02,1724.5,1687.0,1687.0,-2.17,1645.18,1632.2,1719.12,True,True,True,False,True,False,False,1026610.0,1909.0,-9.66,False,1.24,1.98,1.2,False,3,True,3.14,2.02,False,False,,tv_wilder_rsi14_sma5_v1,48.3,46.42,True,True,1.88
2685,2685.T,アンドエスティＨＤ,2026-04,CONTINUE,3,48.34,50.2,True,True,1.86,2026-02,2996.0,2998.0,2998.0,0.07,2905.68,2862.52,2900.8,True,True,True,False,True,True,True,274640.0,3245.0,-7.67,False,1.91,1.83,0.98,True,2,True,1.31,1.22,False,False,,tv_wilder_rsi14_sma5_v1,50.2,48.34,True,True,1.86
7741,7741.T,ＨＯＹＡ,2026-04,NEW,1,69.09,70.95,True,True,1.86,2026-04,29100.0,29100.0,29100.0,0.0,28558.0,27528.67,23776.53,True,True,True,True,True,True,True,1099537.0,30400.0,-4.28,False,1.3,2.68,0.97,True,2,True,41.07,-0.17,False,False,,tv_wilder_rsi14_sma5_v1,70.95,69.09,True,True,1.86
9765,9765.T,オオバ,2026-04,CONTINUE,4,65.01,66.85,True,True,1.84,2026-01,1154.0,1233.0,1233.0,6.85,1148.12,1115.51,1080.63,True,True,True,True,True,True,True,22883.0,1198.0,-3.67,False,0.72,1.58,1.11,False,2,False,8.5,0.35,False,False,,tv_wilder_rsi14_sma5_v1,66.85,65.01,True,True,1.84
6103,6103.T,オークマ,2026-04,NEW,1,57.35,59.18,True,True,1.83,2026-04,4475.0,4475.0,4475.0,0.0,4053.8,4095.67,3793.53,True,True,True,False,True,True,True,434603.0,4690.0,-4.58,False,1.03,3.05,1.05,False,2,True,24.51,5.25,False,False,,tv_wilder_rsi14_sma5_v1,59.18,57.35,True,True,1.83
6005,6005.T,三浦工業,2026-04,NEW,1,49.44,51.23,True,True,1.8,2026-04,3229.0,3229.0,3229.0,0.0,3297.76,3216.21,3061.93,False,True,True,True,True,True,True,346183.0,3573.0,-9.63,False,0.79,2.03,1.03,False,2,False,5.76,-2.76,False,False,,tv_wilder_rsi14_sma5_v1,51.23,49.44,True,True,1.8
4216,4216.T,旭有機材,2026-04,CONTINUE,2,65.67,67.45,True,True,1.78,2026-03,5560.0,5730.0,5730.0,3.06,5706.4,5324.73,4730.45,False,True,True,True,True,True,True,107553.0,7080.0,-21.47,False,1.01,3.88,0.86,True,2,False,22.14,-6.32,False,False,,tv_wilder_rsi14_sma5_v1,67.45,65.67,True,True,1.78
4403,4403.T,日油,2026-04,NEW,1,64.11,65.86,False,True,1.75,2026-04,3210.0,3210.0,3210.0,0.0,3194.32,3085.4,2953.96,True,True,True,True,True,True,True,666997.0,3400.0,-5.59,False,0.93,2.16,0.97,True,2,True,19.15,-1.18,False,False,,tv_wilder_rsi14_sma5_v1,65.86,64.11,True,False,1.75
9347,9347.T,日本管財ホールディングス,2026-04,CONTINUE,3,58.74,60.49,True,True,1.75,2026-02,2914.0,2893.0,2893.0,-0.72,2811.68,2766.91,2750.26,True,True,True,True,True,True,True,41690.0,2970.0,-1.89,False,1.18,1.09,0.97,True,2,True,7.48,1.67,True,True,MVP,tv_wilder_rsi14_sma5_v1,60.49,58.74,True,True,1.75
7715,7715.T,長野計器,2026-04,NEW,1,62.97,64.68,True,True,1.71,2026-04,3080.0,3080.0,3080.0,0.0,2963.4,2877.24,2450.94,True,True,True,True,True,True,True,65190.0,3185.0,-3.3,False,1.0,2.46,0.98,True,2,True,39.18,0.41,False,False,,tv_wilder_rsi14_sma5_v1,64.68,62.97,True,True,1.71
2170,2170.T,リンクアンドモチベーション,2026-04,CONTINUE,3,50.12,51.81,True,True,1.69,2026-02,562.0,556.0,556.0,-1.07,525.04,510.92,521.03,True,True,True,False,True,True,True,513670.0,626.0,-10.22,False,1.48,3.79,1.15,False,2,False,3.68,1.62,False,False,,tv_wilder_rsi14_sma5_v1,51.81,50.12,True,True,1.69
8142,8142.T,トーホー,2026-04,CONTINUE,6,64.48,66.17,True,True,1.69,2025-11,1173.33,1390.0,1390.0,18.47,1129.33,1145.31,1078.55,True,True,True,False,True,True,True,63380.0,1221.67,-3.96,False,1.06,1.41,0.99,True,2,True,13.42,2.13,False,False,,tv_wilder_rsi14_sma5_v1,66.17,64.48,True,True,1.69
7740,7740.T,タムロン,2026-04,NEW,1,59.09,60.75,False,True,1.66,2026-04,1081.0,1081.0,1081.0,0.0,1060.72,1038.33,1022.6,True,True,True,True,True,True,True,385040.0,1151.0,-6.08,False,1.24,2.12,0.87,True,2,True,14.7,2.92,False,False,,tv_wilder_rsi14_sma5_v1,60.75,59.09,True,False,1.66
9010,9010.T,富士急行,2026-04,CONTINUE,3,38.9,40.51,True,False,1.61,2026-02,2394.0,2260.0,2260.0,-5.6,2165.92,2115.89,2175.03,True,True,True,False,True,False,True,171137.0,2704.0,-11.46,False,1.06,2.17,0.98,True,2,True,11.22,8.12,False,False,,tv_wilder_rsi14_sma5_v1,40.51,38.9,False,True,1.61
4958,4958.T,長谷川香料,2026-04,NEW,1,46.66,48.24,True,True,1.58,2026-04,2898.0,2898.0,2898.0,0.0,2883.76,2866.39,2877.46,True,True,True,False,True,True,False,81110.0,3180.0,-8.87,False,0.91,1.31,0.89,True,3,True,1.71,0.29,False,False,,tv_wilder_rsi14_sma5_v1,48.24,46.66,True,True,1.58
2264,2264.T,森永乳業,2026-04,CONTINUE,6,71.33,72.88,True,False,1.56,2025-11,937.5,1186.5,1186.5,26.56,888.16,863.41,825.46,True,True,True,True,True,True,True,1459360.0,965.75,-2.93,False,0.96,2.7,1.05,False,2,True,18.32,6.47,False,False,,tv_wilder_rsi14_sma5_v1,72.88,71.33,False,True,1.56
2681,2681.T,ゲオホールディングス,2026-04,NEW,1,52.36,53.91,True,True,1.55,2026-04,1859.0,1859.0,1859.0,0.0,1831.44,1792.04,1727.81,True,True,True,True,True,True,True,181537.0,1988.0,-6.49,False,0.94,2.56,0.92,True,2,True,5.92,0.06,False,False,,tv_wilder_rsi14_sma5_v1,53.91,52.36,True,True,1.55
3939,3939.T,カナミックネットワーク,2026-04,NEW,1,53.0,54.54,False,True,1.54,2026-04,544.0,544.0,544.0,0.0,535.64,524.37,501.45,True,True,True,True,True,True,True,166820.0,583.0,-6.69,False,0.83,3.01,1.08,False,2,True,19.53,2.97,False,False,,tv_wilder_rsi14_sma5_v1,54.54,53.0,True,False,1.54
9104,9104.T,商船三井,2026-04,CONTINUE,5,59.23,60.77,True,False,1.54,2025-12,4710.0,5935.0,5935.0,26.01,4502.92,4506.76,4787.04,True,True,False,False,True,False,False,2540630.0,5699.0,-17.35,False,1.0,1.26,0.91,True,4,True,-4.09,3.09,False,False,,tv_wilder_rsi14_sma5_v1,60.77,59.23,False,True,1.54
9706,9706.T,日本空港ビルデング,2026-04,CONTINUE,4,48.3,49.84,True,False,1.54,2026-01,4832.0,5047.0,5047.0,4.45,4648.96,4671.63,4590.82,True,True,True,False,True,False,True,287960.0,5310.0,-9.0,False,1.26,2.18,1.02,False,2,True,5.57,1.75,False,False,,tv_wilder_rsi14_sma5_v1,49.84,48.3,False,True,1.54
8771,8771.T,イー・ギャランティ,2026-04,NEW,1,50.71,52.21,False,True,1.5,2026-04,1765.0,1765.0,1765.0,0.0,1713.36,1743.51,1659.34,True,True,True,False,True,False,True,129450.0,1879.0,-6.07,False,1.47,1.87,1.11,False,2,True,6.14,2.88,False,False,,tv_wilder_rsi14_sma5_v1,52.21,50.71,True,False,1.5
6135,6135.T,牧野フライス製作所,2026-04,NEW,1,72.62,74.11,True,True,1.48,2026-04,11900.0,11900.0,11900.0,0.0,11569.6,11475.33,11365.1,True,True,True,True,True,True,False,199747.0,11880.0,0.17,True,3.62,2.07,1.72,False,1,True,5.58,0.8,False,True,BREAKOUT,tv_wilder_rsi14_sma5_v1,74.11,72.62,True,True,1.48
2930,2930.T,北の達人コーポレーション,2026-04,NEW,1,33.94,35.4,True,True,1.46,2026-04,131.0,131.0,131.0,0.0,128.08,133.72,138.97,True,False,False,False,True,False,False,555630.0,154.0,-14.94,False,0.74,3.05,1.32,False,4,True,-6.76,3.66,False,False,,tv_wilder_rsi14_sma5_v1,35.4,33.94,True,True,1.46
6798,6798.T,ＳＭＫ,2026-04,NEW,1,62.64,64.08,True,True,1.44,2026-04,3340.0,3340.0,3340.0,0.0,3161.84,3068.56,2634.17,True,True,True,True,True,True,True,17590.0,3565.0,-6.31,False,0.95,2.68,0.94,True,2,True,35.69,5.9,False,False,,tv_wilder_rsi14_sma5_v1,64.08,62.64,True,True,1.44
3993,3993.T,ＰＫＳＨＡＴｅｃｈｎｏｌｏｇｙ,2026-04,NEW,1,47.85,49.23,False,True,1.39,2026-04,3300.0,3300.0,3300.0,0.0,3000.52,3074.77,3415.14,True,True,False,False,False,False,False,307330.0,4515.0,-26.91,False,1.44,3.08,1.01,False,4,True,0.07,7.08,False,False,,tv_wilder_rsi14_sma5_v1,49.23,47.85,True,False,1.39
6099,6099.T,エラン,2026-04,CONTINUE,3,43.34,44.72,True,True,1.38,2026-02,769.0,731.0,731.0,-4.94,706.44,719.25,773.77,True,True,False,False,False,False,True,203783.0,876.0,-12.21,False,0.81,2.76,0.97,True,4,True,-0.38,4.46,False,False,,tv_wilder_rsi14_sma5_v1,44.72,43.34,True,True,1.38
4324,4324.T,電通グループ,2026-04,NEW,1,41.66,43.03,False,True,1.37,2026-04,2986.0,2986.0,2986.0,0.0,2930.9,2929.62,3075.18,True,True,False,False,True,False,False,1772657.0,3554.0,-15.98,False,0.56,3.39,0.79,True,1,True,-0.59,5.19,False,False,,tv_wilder_rsi14_sma5_v1,43.03,41.66,True,False,1.37
6586,6586.T,マキタ,2026-04,NEW,1,59.92,61.29,True,True,1.37,2026-04,5868.0,5868.0,5868.0,0.0,5421.4,5447.61,5015.61,True,True,True,False,False,True,True,885503.0,6130.0,-4.27,False,1.45,2.78,1.15,False,2,True,28.04,3.43,True,True,MVP,tv_wilder_rsi14_sma5_v1,61.29,59.92,True,True,1.37
5208,5208.T,有沢製作所,2026-04,NEW,1,74.22,75.53,True,True,1.31,2026-04,2723.0,2723.0,2723.0,0.0,2483.88,2301.51,1870.28,True,True,True,True,True,True,True,200670.0,2752.0,-1.05,False,1.41,2.42,1.11,False,2,True,73.81,8.91,False,False,,tv_wilder_rsi14_sma5_v1,75.53,74.22,True,True,1.31
6535,6535.T,アイモバイル,2026-04,NEW,1,48.75,50.04,False,True,1.3,2026-04,524.0,524.0,524.0,0.0,523.32,518.15,569.41,True,True,False,False,True,True,False,226733.0,726.0,-27.82,False,0.75,2.4,1.05,False,4,False,-5.86,0.68,False,False,,tv_wilder_rsi14_sma5_v1,50.04,48.75,True,False,1.3
8031,8031.T,三井物産,2026-04,CONTINUE,12,82.93,84.18,True,False,1.25,2025-05,3029.0,5896.0,5896.0,94.65,2902.3,2815.51,3005.4,True,True,True,False,True,False,False,6864740.0,4182.5,-27.58,False,1.01,1.93,0.89,True,3,True,-4.0,3.07,False,False,,tv_wilder_rsi14_sma5_v1,84.18,82.93,False,True,1.25
8051,8051.T,山善,2026-04,NEW,1,59.09,60.34,False,True,1.25,2026-04,1541.0,1541.0,1541.0,0.0,1539.0,1494.79,1439.49,True,True,True,True,True,True,True,305680.0,1691.0,-8.87,False,0.54,2.14,0.79,True,2,True,12.25,-1.33,False,False,,tv_wilder_rsi14_sma5_v1,60.34,59.09,True,False,1.25
5943,5943.T,ノーリツ,2026-04,CONTINUE,4,68.15,69.37,True,True,1.22,2026-01,2065.0,2348.0,2348.0,13.7,2045.68,1990.72,1938.63,True,True,True,True,True,True,True,80317.0,2136.0,-3.32,False,0.81,1.57,0.95,True,2,True,9.09,0.3,False,False,,tv_wilder_rsi14_sma5_v1,69.37,68.15,True,True,1.22
6146,6146.T,ディスコ,2026-04,NEW,1,63.1,64.29,True,True,1.19,2026-04,74010.0,74010.0,74010.0,0.0,69156.0,68822.8,54552.8,True,True,True,True,False,True,True,2479720.0,81000.0,-8.63,False,1.28,4.22,0.99,True,2,True,61.27,3.35,False,False,,tv_wilder_rsi14_sma5_v1,64.29,63.1,True,True,1.19
9605,9605.T,東映,2026-04,CONTINUE,2,59.8,60.97,False,False,1.17,2026-03,5900.0,5820.0,5820.0,-1.36,5638.4,5603.47,5425.9,True,True,True,True,True,True,True,107103.0,6030.0,-2.16,False,1.06,2.36,0.88,True,2,True,11.16,3.06,False,False,,tv_wilder_rsi14_sma5_v1,60.97,59.8,False,False,1.17
8336,8336.T,武蔵野銀行,2026-04,NEW,1,85.61,86.77,True,True,1.16,2026-04,2386.0,2386.0,2386.0,0.0,2301.49,2083.25,1635.91,True,True,True,True,True,True,True,451717.0,2503.0,-4.67,False,0.97,2.83,0.94,True,2,True,76.61,0.77,False,False,,tv_wilder_rsi14_sma5_v1,86.77,85.61,True,True,1.16
3107,3107.T,ダイワボウホールディングス,2026-04,NEW,1,59.15,60.27,True,True,1.12,2026-04,3207.0,3207.0,3207.0,0.0,3140.72,3087.89,2999.75,True,True,True,True,True,True,True,264620.0,3327.0,-3.61,False,1.0,1.94,0.87,True,2,True,15.36,1.34,False,False,,tv_wilder_rsi14_sma5_v1,60.27,59.15,True,True,1.12
2752,2752.T,フジオフードグループ本社,2026-04,NEW,1,39.32,40.34,False,True,1.03,2026-04,1097.0,1097.0,1097.0,0.0,1095.64,1081.55,1120.65,True,True,False,False,True,False,False,107797.0,1252.0,-12.38,False,0.6,1.04,0.95,True,4,True,-1.05,1.54,False,False,,tv_wilder_rsi14_sma5_v1,40.34,39.32,True,False,1.03
4390,4390.T,ＩＰＳ,2026-04,NEW,1,56.37,57.38,False,True,1.0,2026-04,3210.0,3210.0,3210.0,0.0,3078.88,3097.95,3029.28,True,True,True,False,False,True,True,74863.0,3950.0,-18.73,False,1.82,3.28,1.09,False,2,True,23.28,6.98,False,False,,tv_wilder_rsi14_sma5_v1,57.38,56.37,True,False,1.0
7989,7989.T,立川ブラインド工業,2026-04,CONTINUE,3,78.44,79.44,True,True,1.0,2026-02,2625.0,2544.0,2544.0,-3.09,2242.04,2052.95,1856.38,True,True,True,True,True,True,True,68553.0,2674.0,-1.83,False,1.11,3.34,0.74,True,2,True,53.25,13.62,False,False,,tv_wilder_rsi14_sma5_v1,79.44,78.44,True,True,1.0
2462,2462.T,ライク,2026-04,NEW,1,52.22,53.2,True,True,0.99,2026-04,1582.0,1582.0,1582.0,0.0,1595.88,1570.23,1514.35,False,True,True,True,True,True,True,56050.0,1650.0,-4.12,False,1.22,1.26,0.88,True,2,False,6.93,-1.07,False,False,,tv_wilder_rsi14_sma5_v1,53.2,52.22,True,True,0.99
4847,4847.T,インテリジェント   ウェイブ,2026-04,NEW,1,46.91,47.9,True,True,0.99,2026-04,976.0,976.0,976.0,0.0,976.84,978.88,1011.0,False,False,False,False,False,True,False,28480.0,1145.0,-14.76,False,0.84,1.27,0.9,True,4,False,-3.79,0.94,False,False,,tv_wilder_rsi14_sma5_v1,47.9,46.91,True,True,0.99
8803,8803.T,平和不動産,2026-04,CONTINUE,3,58.92,59.9,True,True,0.99,2026-02,2536.0,2431.0,2431.0,-4.14,2397.72,2295.16,2287.64,True,True,True,True,True,True,True,229223.0,2547.0,-0.43,False,1.03,1.39,0.72,True,2,True,10.24,3.44,False,False,,tv_wilder_rsi14_sma5_v1,59.9,58.92,True,True,0.99
3668,3668.T,コロプラ,2026-04,NEW,1,37.03,37.97,True,True,0.94,2026-04,432.0,432.0,432.0,0.0,433.88,440.64,464.75,False,False,False,False,False,True,False,377810.0,545.0,-20.73,False,1.11,2.23,1.02,False,4,False,-7.82,-0.13,False,False,,tv_wilder_rsi14_sma5_v1,37.97,37.03,True,True,0.94
7038,7038.T,フロンティア・マネジメント,2026-04,NEW,1,34.42,35.36,False,True,0.94,2026-04,589.0,589.0,589.0,0.0,583.0,573.24,643.26,True,True,False,False,True,False,False,30137.0,753.0,-21.78,False,0.73,1.69,0.95,True,4,True,-6.82,2.47,False,False,,tv_wilder_rsi14_sma5_v1,35.36,34.42,True,False,0.94
7915,7915.T,ＮＩＳＳＨＡ,2026-04,NEW,1,41.7,42.64,True,True,0.94,2026-04,1257.0,1257.0,1257.0,0.0,1282.36,1291.47,1306.98,False,False,False,False,True,True,False,193987.0,1487.0,-15.47,False,0.87,2.38,1.1,False,4,True,-0.83,2.59,False,False,,tv_wilder_rsi14_sma5_v1,42.64,41.7,True,True,0.94
6999,6999.T,ＫＯＡ,2026-04,NEW,1,60.76,61.68,True,True,0.93,2026-04,1882.0,1882.0,1882.0,0.0,1761.76,1674.33,1375.87,True,True,True,True,True,True,True,527360.0,2113.0,-10.93,False,2.17,5.8,1.27,False,2,True,72.83,9.7,False,False,,tv_wilder_rsi14_sma5_v1,61.68,60.76,True,True,0.93
2931,2931.T,ユーグレナ,2026-04,CONTINUE,2,35.08,35.99,True,True,0.91,2026-03,401.0,403.0,403.0,0.5,377.24,395.72,423.71,True,True,False,False,False,False,False,1685150.0,540.0,-25.74,False,0.91,3.28,1.0,False,4,True,-7.41,2.52,True,False,,tv_wilder_rsi14_sma5_v1,35.99,35.08,True,True,0.91
6986,6986.T,双葉電子工業,2026-04,NEW,1,55.67,56.56,True,True,0.9,2026-04,691.0,691.0,691.0,0.0,683.72,686.44,653.11,True,True,True,False,False,True,True,214897.0,788.0,-12.31,False,1.16,3.15,1.02,False,2,True,15.56,2.4,False,False,,tv_wilder_rsi14_sma5_v1,56.56,55.67,True,True,0.9
6113,6113.T,アマダ,2026-04,NEW,1,69.32,70.2,True,True,0.88,2026-04,2629.0,2629.0,2629.0,0.0,2402.74,2305.62,1994.88,True,True,True,True,True,True,True,1449140.0,2668.5,-1.48,False,1.09,2.83,1.01,False,2,True,53.57,7.15,False,False,,tv_wilder_rsi14_sma5_v1,70.2,69.32,True,True,0.88
6315,6315.T,ＴＯＷＡ,2026-04,NEW,1,57.76,58.64,True,True,0.88,2026-04,2920.0,2920.0,2920.0,0.0,2555.32,2727.07,2299.91,True,True,True,False,False,True,True,2929920.0,3205.0,-8.89,False,1.73,5.06,0.97,True,2,True,40.44,5.18,True,False,,tv_wilder_rsi14_sma5_v1,58.64,57.76,True,True,0.88
8739,8739.T,スパークス・グループ,2026-04,CONTINUE,5,60.51,61.37,True,True,0.86,2025-12,1620.0,1940.0,1940.0,19.75,1518.16,1540.24,1514.29,True,True,True,False,True,False,False,62260.0,1665.0,-2.7,False,1.27,1.91,1.15,False,3,True,3.57,3.01,False,False,,tv_wilder_rsi14_sma5_v1,61.37,60.51,True,True,0.86
7839,7839.T,ＳＨＯＥＩ,2026-04,NEW,1,43.45,44.29,False,True,0.85,2026-04,1748.0,1748.0,1748.0,0.0,1686.16,1706.25,1760.12,True,True,False,False,True,False,True,249443.0,1924.0,-9.15,False,2.11,2.45,1.21,False,4,True,1.5,0.79,True,False,,tv_wilder_rsi14_sma5_v1,44.29,43.45,True,False,0.85
3660,3660.T,アイスタイル,2026-04,NEW,1,47.67,48.51,True,True,0.84,2026-04,463.0,463.0,463.0,0.0,458.32,455.84,490.94,True,True,False,False,True,True,False,973387.0,685.0,-32.41,False,0.89,2.55,0.93,True,4,True,-1.74,2.05,False,False,,tv_wilder_rsi14_sma5_v1,48.51,47.67,True,True,0.84
6728,6728.T,アルバック,2026-04,NEW,1,61.02,61.85,True,True,0.83,2026-04,9762.0,9762.0,9762.0,0.0,9438.4,9231.83,7452.7,True,True,True,True,False,True,True,309917.0,11090.0,-11.97,False,0.97,2.98,0.87,True,2,True,56.4,4.04,False,False,,tv_wilder_rsi14_sma5_v1,61.85,61.02,True,True,0.83
7734,7734.T,理研計器,2026-04,NEW,1,50.92,51.75,True,True,0.83,2026-04,3360.0,3360.0,3360.0,0.0,3281.76,3324.52,3271.75,True,True,True,False,False,True,True,100517.0,3845.0,-12.61,False,1.12,2.91,0.92,True,2,True,9.35,0.47,False,False,,tv_wilder_rsi14_sma5_v1,51.75,50.92,True,True,0.83
2198,2198.T,アイ  ･ケイ  ･ケイホールディングス,2026-04,CONTINUE,5,56.48,57.3,True,True,0.82,2025-12,796.0,817.0,817.0,2.64,778.08,780.08,793.11,True,True,True,False,True,False,False,26960.0,854.0,-6.79,False,0.75,0.89,0.8,True,3,True,0.92,1.61,False,False,,tv_wilder_rsi14_sma5_v1,57.3,56.48,True,True,0.82
4923,4923.T,コタ,2026-04,CONTINUE,3,36.48,37.29,True,False,0.82,2026-02,1270.48,1117.0,1117.0,-12.08,1191.62,1139.87,1260.53,True,True,True,False,True,True,False,56805.0,1521.9,-16.52,False,0.7,1.42,0.79,True,3,True,-1.92,3.65,False,False,,tv_wilder_rsi14_sma5_v1,37.29,36.48,False,True,0.82
5302,5302.T,日本カーボン,2026-04,NEW,1,54.89,55.69,True,True,0.8,2026-04,4790.0,4790.0,4790.0,0.0,4716.8,4709.4,4449.75,True,True,True,True,True,True,True,46607.0,5080.0,-5.71,False,0.81,1.4,0.84,True,2,True,12.0,0.85,False,False,,tv_wilder_rsi14_sma5_v1,55.69,54.89,True,True,0.8
6268,6268.T,ナブテスコ,2026-04,NEW,1,65.13,65.93,True,True,0.8,2026-04,5206.0,5206.0,5206.0,0.0,4546.84,4452.76,3767.03,True,True,True,True,True,True,True,889177.0,5217.0,-0.21,False,1.64,3.33,1.11,False,2,True,68.43,8.72,True,True,MVP,tv_wilder_rsi14_sma5_v1,65.93,65.13,True,True,0.8
7238,7238.T,曙ブレーキ工業,2026-04,NEW,1,50.11,50.91,True,True,0.79,2026-04,126.0,126.0,126.0,0.0,125.32,128.56,118.66,True,False,True,False,False,True,True,1492027.0,183.0,-31.15,False,0.74,3.06,0.95,True,2,False,18.04,2.55,False,False,,tv_wilder_rsi14_sma5_v1,50.91,50.11,True,True,0.79
4369,4369.T,トリケミカル研究所,2026-04,NEW,1,49.69,50.47,True,True,0.78,2026-04,3200.0,3200.0,3200.0,0.0,2975.16,3165.36,3045.74,True,True,True,False,False,True,False,575523.0,3840.0,-16.67,False,1.19,4.1,1.1,False,3,True,6.07,5.13,False,False,,tv_wilder_rsi14_sma5_v1,50.47,49.69,True,True,0.78
6622,6622.T,ダイヘン,2026-04,NEW,1,68.32,69.1,True,True,0.78,2026-04,15380.0,15380.0,15380.0,0.0,13389.2,12890.93,10202.75,True,True,True,True,True,True,True,178640.0,15040.0,2.26,True,1.29,3.62,0.88,True,2,True,82.84,6.82,True,True,BOTH,tv_wilder_rsi14_sma5_v1,69.1,68.32,True,True,0.78
4922,4922.T,コーセーホールディングス,2026-04,CONTINUE,4,35.43,36.18,True,False,0.75,2026-01,5509.0,5576.0,5576.0,1.22,5381.96,5462.52,5682.87,True,True,False,False,True,False,False,343347.0,7114.0,-22.56,False,0.73,2.46,1.13,False,4,True,-10.14,1.26,False,False,,tv_wilder_rsi14_sma5_v1,36.18,35.43,False,True,0.75
6706,6706.T,電気興業,2026-04,NEW,1,67.46,68.21,True,True,0.75,2026-04,3315.0,3315.0,3315.0,0.0,3185.6,3045.72,2528.39,True,True,True,True,True,True,True,31127.0,3445.0,-3.77,False,0.8,2.11,0.86,True,2,True,51.14,4.27,False,False,,tv_wilder_rsi14_sma5_v1,68.21,67.46,True,True,0.75
8035,8035.T,東京エレクトロン,2026-04,NEW,1,63.94,64.68,True,True,0.74,2026-04,44390.0,44390.0,44390.0,0.0,42402.0,41752.0,33292.5,True,True,True,True,True,True,True,3031077.0,47710.0,-6.96,False,1.07,3.54,0.99,True,2,True,47.73,3.05,False,False,,tv_wilder_rsi14_sma5_v1,64.68,63.94,True,True,0.74
3923,3923.T,ラクス,2026-04,NEW,1,41.41,42.14,False,True,0.73,2026-04,856.3,856.3,856.3,0.0,812.02,839.07,1071.27,True,True,False,False,True,False,False,2967770.0,1395.0,-38.62,False,1.14,4.45,0.99,True,4,True,-18.73,4.5,False,False,,tv_wilder_rsi14_sma5_v1,42.14,41.41,True,False,0.73
3983,3983.T,オロ,2026-04,NEW,1,41.12,41.85,True,True,0.73,2026-04,1998.0,1998.0,1998.0,0.0,1953.84,1995.37,2341.39,True,True,False,False,True,False,False,59873.0,3365.0,-40.62,False,0.96,2.71,0.89,True,4,True,-16.47,1.95,False,False,,tv_wilder_rsi14_sma5_v1,41.85,41.12,True,True,0.73
6941,6941.T,山一電機,2026-04,NEW,1,83.24,83.95,True,True,0.71,2026-04,10390.0,10390.0,10390.0,0.0,9313.2,8252.53,5677.32,True,True,True,True,True,True,True,336957.0,11300.0,-8.05,False,1.0,5.36,1.11,False,2,True,212.98,22.44,False,False,,tv_wilder_rsi14_sma5_v1,83.95,83.24,True,True,0.71
2326,2326.T,デジタルアーツ,2026-04,NEW,1,43.56,44.23,False,True,0.67,2026-04,5600.0,5600.0,5600.0,0.0,5503.6,5433.87,6627.5,True,True,False,False,True,False,False,101840.0,8280.0,-32.37,False,1.1,3.58,1.14,False,4,True,-16.17,1.72,False,False,,tv_wilder_rsi14_sma5_v1,44.23,43.56,True,False,0.67
4481,4481.T,ベース,2026-04,NEW,1,46.64,47.3,False,True,0.66,2026-04,3210.0,3210.0,3210.0,0.0,3292.4,3234.45,3368.32,False,False,False,False,True,True,False,75943.0,3820.0,-15.97,False,1.11,1.86,0.96,True,4,False,0.58,-0.6,False,False,,tv_wilder_rsi14_sma5_v1,47.3,46.64,True,False,0.66
4180,4180.T,APPIER GROUP,2026-04,NEW,1,37.11,37.76,False,True,0.65,2026-04,886.0,886.0,886.0,0.0,869.76,891.85,1198.06,True,False,False,False,True,False,False,1595543.0,1745.0,-49.23,False,0.71,4.72,0.99,True,4,True,-28.43,2.52,False,False,,tv_wilder_rsi14_sma5_v1,37.76,37.11,True,False,0.65
6364,6364.T,ＡＩＲＭＡＮ,2026-04,NEW,1,52.52,53.17,True,True,0.65,2026-04,2040.0,2040.0,2040.0,0.0,1987.56,2011.39,1971.31,True,True,True,False,False,True,True,60530.0,2270.0,-10.13,False,1.11,2.15,0.96,True,1,False,7.99,0.46,True,False,,tv_wilder_rsi14_sma5_v1,53.17,52.52,True,True,0.65
8362,8362.T,福井銀行,2026-04,NEW,1,77.52,78.16,True,True,0.64,2026-04,3750.0,3750.0,3750.0,0.0,3559.2,3300.19,2563.49,True,True,True,True,True,True,True,82133.0,3925.0,-4.46,False,1.18,4.06,1.15,False,2,True,74.43,2.48,False,False,,tv_wilder_rsi14_sma5_v1,78.16,77.52,True,True,0.64
7419,7419.T,ノジマ,2026-04,NEW,1,63.75,64.37,False,True,0.62,2026-04,1219.0,1219.0,1219.0,0.0,1149.12,1142.55,1166.31,True,True,True,False,True,False,True,1104687.0,1385.0,-11.99,False,1.6,5.06,1.47,False,2,True,11.0,4.57,False,False,,tv_wilder_rsi14_sma5_v1,64.37,63.75,True,False,0.62
9742,9742.T,アイネス,2026-04,NEW,1,58.56,59.18,True,True,0.62,2026-04,2067.0,2067.0,2067.0,0.0,2044.68,2022.63,1901.98,True,True,True,True,False,True,True,82327.0,2266.0,-8.78,False,0.68,2.26,1.01,False,2,False,15.36,2.49,False,False,,tv_wilder_rsi14_sma5_v1,59.18,58.56,True,True,0.62
3964,3964.T,オークネット,2026-04,CONTINUE,12,79.39,79.96,True,True,0.57,2025-05,772.0,1208.0,1208.0,56.48,679.94,630.83,622.41,True,True,True,True,True,True,True,90807.0,752.5,2.59,True,0.74,3.33,0.71,True,2,True,27.87,8.8,False,True,BREAKOUT,tv_wilder_rsi14_sma5_v1,79.96,79.39,True,True,0.57
8065,8065.T,佐藤商事,2026-04,NEW,1,79.49,80.06,True,True,0.57,2026-04,2743.0,2743.0,2743.0,0.0,2564.56,2449.8,2125.34,True,True,True,True,True,True,True,35883.0,2780.0,-1.33,False,0.98,2.62,1.02,False,2,True,48.31,5.94,False,False,,tv_wilder_rsi14_sma5_v1,80.06,79.49,True,True,0.57
3657,3657.T,ﾎﾟｰﾙﾄｩｳｨﾝﾎｰﾙﾃﾞｨﾝｸﾞｽ,2026-04,NEW,1,29.06,29.61,False,True,0.55,2026-04,300.0,300.0,300.0,0.0,305.84,311.32,335.11,False,False,False,False,True,False,False,239303.0,388.0,-22.68,False,0.44,1.76,0.93,True,4,False,-11.92,0.73,False,False,,tv_wilder_rsi14_sma5_v1,29.61,29.06,True,False,0.55
8113,8113.T,ユニ・チャーム,2026-04,CONTINUE,4,34.22,34.77,True,False,0.55,2026-01,939.4,912.1,912.1,-2.91,911.87,931.21,1029.66,True,True,False,False,True,False,False,6165553.0,1364.5,-31.15,False,0.83,1.79,1.13,False,4,True,-14.6,1.06,False,False,,tv_wilder_rsi14_sma5_v1,34.77,34.22,False,True,0.55
9729,9729.T,トーカイ,2026-04,NEW,1,63.68,64.22,True,True,0.54,2026-04,2625.0,2625.0,2625.0,0.0,2657.52,2572.89,2379.64,False,True,True,True,True,True,True,46833.0,2866.0,-8.41,False,0.85,2.27,0.87,True,2,True,16.38,-0.24,False,False,,tv_wilder_rsi14_sma5_v1,64.22,63.68,True,True,0.54
2491,2491.T,バリューコマース,2026-04,NEW,1,22.87,23.38,False,True,0.51,2026-04,467.0,467.0,467.0,0.0,457.72,493.93,652.39,True,False,False,False,True,False,False,341963.0,858.0,-45.57,False,1.35,3.3,1.0,False,4,True,-34.82,1.51,False,False,,tv_wilder_rsi14_sma5_v1,23.38,22.87,True,False,0.51
6298,6298.T,ワイエイシイホールディングス,2026-04,NEW,1,56.22,56.73,True,True,0.51,2026-04,1163.0,1163.0,1163.0,0.0,1127.76,1111.28,980.47,True,True,True,True,True,True,True,162753.0,1295.0,-10.19,False,1.1,3.72,1.19,False,2,True,26.32,4.85,False,False,,tv_wilder_rsi14_sma5_v1,56.73,56.22,True,True,0.51
6951,6951.T,日本電子,2026-04,NEW,1,55.63,56.13,True,True,0.5,2026-04,6277.0,6277.0,6277.0,0.0,6216.08,6170.33,5332.6,True,True,True,True,True,True,True,306900.0,6993.0,-10.24,False,1.04,3.76,1.25,False,2,True,22.03,-1.46,False,False,,tv_wilder_rsi14_sma5_v1,56.13,55.63,True,True,0.5
7033,7033.T,マネジメントソリューションズ,2026-04,NEW,1,39.95,40.42,True,True,0.47,2026-04,1322.0,1322.0,1322.0,0.0,1333.64,1350.19,1424.81,False,False,False,False,False,True,False,97560.0,2400.0,-44.92,False,0.75,2.57,0.97,True,4,True,-10.33,0.69,False,False,,tv_wilder_rsi14_sma5_v1,40.42,39.95,True,True,0.47
9790,9790.T,福井コンピュータホールディングス,2026-04,NEW,1,54.87,55.3,True,True,0.43,2026-04,3290.0,3290.0,3290.0,0.0,3301.8,3297.87,3205.99,False,False,True,True,False,True,True,49100.0,3610.0,-8.86,False,0.95,1.76,1.02,False,2,True,2.21,0.24,False,False,,tv_wilder_rsi14_sma5_v1,55.3,54.87,True,True,0.43
5726,5726.T,大阪チタニウムテクノロジーズ,2026-04,CONTINUE,3,52.05,52.44,True,True,0.4,2026-02,3095.0,2517.0,2517.0,-18.68,2587.44,2268.11,2052.31,True,True,True,True,True,True,True,1628530.0,3340.0,-7.34,False,1.33,7.0,1.08,False,2,True,67.45,15.83,False,False,,tv_wilder_rsi14_sma5_v1,52.44,52.05,True,True,0.4
2501,2501.T,サッポロホールディングス,2026-04,NEW,1,63.36,63.74,True,True,0.38,2026-04,1760.0,1760.0,1760.0,0.0,1789.22,1711.29,1584.88,False,True,True,True,True,True,True,1151187.0,1917.5,-8.21,False,1.03,2.61,1.05,False,2,False,10.79,-4.31,False,False,,tv_wilder_rsi14_sma5_v1,63.74,63.36,True,True,0.38
2760,2760.T,東京エレクトロン   デバイス,2026-04,NEW,1,51.47,51.81,True,True,0.34,2026-04,3455.0,3455.0,3455.0,0.0,3225.48,3395.19,3131.95,True,True,True,False,False,False,True,151037.0,3860.0,-10.49,False,2.39,3.21,1.15,False,2,True,13.66,5.29,False,False,,tv_wilder_rsi14_sma5_v1,51.81,51.47,True,True,0.34
8622,8622.T,水戸証券,2026-04,CONTINUE,5,65.65,65.99,True,False,0.34,2025-12,554.0,657.0,657.0,18.59,541.52,537.75,538.88,True,True,True,False,True,False,False,104780.0,593.0,-6.58,False,0.98,1.56,0.93,True,3,True,-1.82,0.12,False,False,,tv_wilder_rsi14_sma5_v1,65.99,65.65,False,True,0.34
6588,6588.T,東芝テック,2026-04,CONTINUE,3,42.28,42.6,True,True,0.33,2026-02,3295.0,2695.0,2695.0,-18.21,2920.16,2851.25,2919.14,True,True,True,False,True,False,True,209150.0,3315.0,-0.6,False,0.81,3.18,0.89,True,2,True,15.48,10.52,False,False,,tv_wilder_rsi14_sma5_v1,42.6,42.28,True,True,0.33
3561,3561.T,力の源ホールディングス,2026-04,NEW,1,54.09,54.39,True,True,0.3,2026-04,1473.0,1473.0,1473.0,0.0,1470.16,1478.97,1446.78,True,False,True,False,False,True,True,59620.0,1587.0,-7.18,False,0.72,1.4,0.87,True,1,False,5.84,1.39,False,False,,tv_wilder_rsi14_sma5_v1,54.39,54.09,True,True,0.3
8388,8388.T,阿波銀行,2026-04,NEW,1,84.26,84.55,True,True,0.29,2026-04,6340.0,6340.0,6340.0,0.0,6279.2,5723.8,4433.91,True,True,True,True,True,True,True,103360.0,6860.0,-7.58,False,0.82,3.15,0.97,True,2,False,74.95,-2.39,False,False,,tv_wilder_rsi14_sma5_v1,84.55,84.26,True,True,0.29
8897,8897.T,ＭＩＲＡＲＴＨホールディングス,2026-04,CONTINUE,6,42.42,42.7,True,False,0.29,2025-11,387.0,397.0,397.0,2.58,382.0,389.64,424.43,True,False,False,False,False,False,False,817893.0,527.0,-26.57,False,0.74,1.7,0.83,True,4,False,-10.28,2.05,False,False,,tv_wilder_rsi14_sma5_v1,42.7,42.42,False,True,0.29
7366,7366.T,LITALICO,2026-04,NEW,1,42.71,42.97,False,True,0.27,2026-04,1202.0,1202.0,1202.0,0.0,1228.4,1270.85,1294.52,False,False,False,False,False,False,False,118660.0,1504.0,-20.08,False,1.01,2.34,0.94,True,4,False,-1.12,-0.1,False,False,,tv_wilder_rsi14_sma5_v1,42.97,42.71,True,False,0.27
9302,9302.T,三井倉庫ホールディングス,2026-04,NEW,1,71.47,71.74,False,False,0.27,2026-04,3932.0,3932.0,3932.0,0.0,4087.2,3859.87,3949.47,False,True,False,False,True,True,True,185127.0,4390.0,-10.43,False,1.07,2.28,1.07,False,4,False,9.67,-3.23,False,False,,tv_wilder_rsi14_sma5_v1,71.74,71.47,False,False,0.27
4523,4523.T,エーザイ,2026-04,CONTINUE,3,44.21,44.47,True,False,0.26,2026-02,5241.0,4687.0,4687.0,-10.57,4743.24,4674.01,4493.63,True,True,True,True,True,True,True,1660203.0,5349.0,-2.02,False,0.94,2.62,0.88,True,2,True,17.37,5.97,False,False,,tv_wilder_rsi14_sma5_v1,44.47,44.21,False,True,0.26
4559,4559.T,ゼリア新薬工業,2026-04,CONTINUE,6,50.17,50.43,True,False,0.26,2025-11,2054.0,2159.0,2159.0,5.11,1977.6,2024.39,2100.61,True,True,False,False,False,False,False,103703.0,2505.0,-18.0,False,1.0,1.15,0.8,True,4,True,-1.75,3.63,False,False,,tv_wilder_rsi14_sma5_v1,50.43,50.17,False,True,0.26
8387,8387.T,四国銀行,2026-04,NEW,1,78.76,79.0,True,True,0.24,2026-04,2559.0,2559.0,2559.0,0.0,2496.12,2304.05,1773.49,True,True,True,True,True,True,True,146087.0,2724.0,-6.06,False,0.72,3.29,0.96,True,2,True,73.8,-0.84,False,False,,tv_wilder_rsi14_sma5_v1,79.0,78.76,True,True,0.24
8242,8242.T,エイチ・ツー・オー   リテイリング,2026-04,CONTINUE,3,57.63,57.86,True,False,0.23,2026-02,2451.5,2311.0,2311.0,-5.73,2317.06,2173.83,2094.07,True,True,True,True,True,True,True,354130.0,2529.0,-3.06,False,0.9,2.3,0.84,True,2,True,14.46,3.34,False,False,,tv_wilder_rsi14_sma5_v1,57.86,57.63,False,True,0.23
7172,7172.T,ジャパンインベストメントアドバイザー,2026-04,NEW,1,61.68,61.9,False,True,0.22,2026-04,2192.0,2192.0,2192.0,0.0,1999.96,2059.59,2003.95,True,True,True,False,True,False,True,338257.0,2496.0,-12.18,False,1.47,2.34,1.15,False,2,True,14.63,1.24,True,False,,tv_wilder_rsi14_sma5_v1,61.9,61.68,True,False,0.22
2120,2120.T,ＬＩＦＵＬＬ,2026-04,CONTINUE,3,49.39,49.6,True,False,0.21,2026-02,216.0,191.0,191.0,-11.57,189.88,180.21,188.82,True,True,True,False,True,False,True,1328670.0,240.0,-10.0,False,0.92,4.96,1.36,False,2,True,21.57,9.32,False,False,,tv_wilder_rsi14_sma5_v1,49.6,49.39,False,True,0.21
4413,4413.T,ボードルア,2026-04,NEW,1,45.06,45.27,False,True,0.21,2026-04,1980.0,1980.0,1980.0,0.0,2021.2,1978.29,2493.44,False,True,False,False,True,False,False,336500.0,3450.0,-42.61,False,1.07,5.96,1.1,False,4,True,-21.68,2.08,False,False,,tv_wilder_rsi14_sma5_v1,45.27,45.06,True,False,0.21
2585,2585.T,ライフドリンク   カンパニー,2026-04,NEW,1,45.37,45.56,False,True,0.18,2026-04,1408.0,1408.0,1408.0,0.0,1427.68,1400.48,1871.85,False,True,False,False,True,False,False,1746393.0,3015.0,-53.3,False,0.49,5.05,0.8,True,4,True,-25.0,-3.63,False,False,,tv_wilder_rsi14_sma5_v1,45.56,45.37,True,False,0.18
6630,6630.T,ヤーマン,2026-04,NEW,1,36.84,37.03,False,True,0.18,2026-04,710.0,710.0,710.0,0.0,726.48,708.72,766.82,False,True,False,False,True,False,False,89980.0,926.0,-23.33,False,0.7,2.3,1.13,False,4,False,-7.54,0.88,False,False,,tv_wilder_rsi14_sma5_v1,37.03,36.84,True,False,0.18
7522,7522.T,ワタミ,2026-04,NEW,1,48.64,48.81,True,True,0.17,2026-04,967.0,967.0,967.0,0.0,985.8,966.6,970.27,False,True,False,False,True,True,False,110950.0,1228.0,-21.25,False,0.73,2.15,0.87,True,4,False,-1.59,-2.16,False,False,,tv_wilder_rsi14_sma5_v1,48.81,48.64,True,True,0.17
6370,6370.T,栗田工業,2026-04,NEW,1,64.93,65.07,True,True,0.14,2026-04,8429.0,8429.0,8429.0,0.0,7907.48,7822.39,6512.27,True,True,True,True,False,True,True,483860.0,8882.0,-5.1,False,1.39,2.6,1.03,False,2,True,43.04,0.54,False,False,,tv_wilder_rsi14_sma5_v1,65.07,64.93,True,True,0.14
3932,3932.T,アカツキ,2026-04,NEW,1,50.35,50.48,True,True,0.13,2026-04,2758.0,2758.0,2758.0,0.0,2820.76,2827.8,2802.65,False,False,False,False,False,True,False,66573.0,3535.0,-21.98,False,1.07,2.5,1.0,True,4,False,-1.68,-0.86,False,False,,tv_wilder_rsi14_sma5_v1,50.48,50.35,True,True,0.13
4919,4919.T,ミルボン,2026-04,CONTINUE,6,39.13,39.25,True,False,0.12,2025-11,2541.0,2555.0,2555.0,0.55,2421.24,2462.56,2607.55,True,True,False,False,False,False,False,154270.0,3615.0,-29.71,False,0.94,1.75,1.09,False,4,True,-4.01,5.28,False,False,,tv_wilder_rsi14_sma5_v1,39.25,39.13,False,True,0.12
9301,9301.T,三菱倉庫,2026-04,NEW,1,65.66,65.78,True,True,0.12,2026-04,1397.5,1397.5,1397.5,0.0,1389.48,1365.85,1251.91,True,True,True,True,True,True,True,1190510.0,1465.5,-4.64,False,1.04,1.85,1.02,False,2,False,19.36,-1.5,False,False,,tv_wilder_rsi14_sma5_v1,65.78,65.66,True,True,0.12
6282,6282.T,オイレス工業,2026-04,NEW,1,60.6,60.69,True,True,0.08,2026-04,2591.0,2591.0,2591.0,0.0,2538.52,2513.19,2333.74,True,True,True,True,True,True,True,135830.0,2723.0,-4.85,False,0.47,1.9,0.85,True,2,True,14.42,1.05,False,False,,tv_wilder_rsi14_sma5_v1,60.69,60.6,True,True,0.08
7433,7433.T,伯東,2026-04,CONTINUE,10,48.65,48.72,True,False,0.07,2025-07,3815.0,4165.0,4165.0,9.17,3713.4,3761.93,4153.8,True,True,False,False,True,False,False,61523.0,5180.0,-26.35,False,1.04,1.34,0.89,True,4,True,-11.87,0.7,False,False,,tv_wilder_rsi14_sma5_v1,48.72,48.65,False,True,0.07
7951,7951.T,ヤマハ,2026-04,NEW,1,47.07,47.14,True,True,0.07,2026-04,1125.0,1125.0,1125.0,0.0,1167.0,1158.14,1078.43,False,False,True,True,True,True,True,2006590.0,1250.0,-10.0,False,1.44,2.16,1.04,False,2,False,6.34,-1.39,False,False,,tv_wilder_rsi14_sma5_v1,47.14,47.07,True,True,0.07
9861,9861.T,吉野家ホールディングス,2026-04,CONTINUE,3,53.44,53.51,False,False,0.07,2026-02,3093.0,3159.0,3159.0,2.13,3096.12,3071.15,3144.74,False,True,False,False,True,False,False,602953.0,3495.0,-11.5,False,1.58,1.39,1.05,False,4,True,-2.01,0.13,False,False,,tv_wilder_rsi14_sma5_v1,53.51,53.44,False,False,0.07
9110,9110.T,ＮＳユナイテッド海運,2026-04,NEW,1,76.75,76.8,True,True,0.06,2026-04,7600.0,7600.0,7600.0,0.0,7400.4,7290.4,5979.82,True,True,True,True,False,True,True,57900.0,8000.0,-5.0,False,1.61,3.18,1.23,False,2,True,54.61,-2.96,False,False,,tv_wilder_rsi14_sma5_v1,76.8,76.75,True,True,0.06
5334,5334.T,日本特殊陶業,2026-04,NEW,1,76.47,76.5,False,True,0.03,2026-04,8411.0,8411.0,8411.0,0.0,8034.84,7514.48,6524.89,True,True,True,True,True,True,True,820883.0,8819.0,-4.63,False,0.98,3.25,0.98,True,2,True,49.41,4.69,False,False,,tv_wilder_rsi14_sma5_v1,76.5,76.47,True,False,0.03
6055,6055.T,ジャパンマテリアル,2026-04,NEW,1,50.03,50.05,True,True,0.02,2026-04,1778.0,1778.0,1778.0,0.0,1765.12,1796.73,1694.03,True,False,True,False,False,True,True,645177.0,2234.0,-20.41,False,0.92,3.66,0.93,True,2,True,20.5,3.44,False,False,,tv_wilder_rsi14_sma5_v1,50.05,50.03,True,True,0.02
8303,8303.T,SBI新生銀行,2026-04,NEW,1,46.3,46.3,False,True,0.0,2026-04,1835.0,1835.0,1835.0,0.0,1716.16,1816.45,3319202100.05,True,True,False,False,False,False,False,4410950.0,55979999232.0,-100.0,False,1.92,2.86,1.15,False,1,True,-20.45,-0.08,False,False,,tv_wilder_rsi14_sma5_v1,46.3,46.3,True,False,0.0
